Temperature,Humidity,Pressure,Altitude,eCO2,eTVOC
0102,000023.340,000045.264,00000994.0,00000167.8,00000,00000,2
0103,000023.569,000044.263,00000994.0,00000167.8,00000,00000,3
0102,000023.389,000045.236,00000994.0,00000167.8,00000,00000,2
0103,000023.549,000044.341,00000994.0,00000167.8,00000,00000,3
0102,000023.250,000045.693,00000994.0,00000167.8,00000,00000,2
0103,000023.510,000044.582,00000994.0,00000167.8,00000,00000,3
0102,000023.239,000045.853,00000994.0,00000167.8,00000,00000,2
0103,000023.530,000044.560,00000994.0,00000167.8,00000,00000,3
0102,000023.270,000045.844,00000994.0,00000167.8,00000,00000,2
0103,000023.540,000044.642,00000994.0,00000167.8,00000,00000,3
0102,000023.329,000045.783,00000994.0,00000167.8,00000,00000,2
0103,000023.540,000044.793,00000994.0,00000167.8,00000,00000,3
0102,000023.239,0000046.95,00000994.0,00000167.8,00000,00000,2
0103,000023.530,000044.850,00000994.0,00000167.8,00000,00000,3
0102,0000023.90,000046.496,00000994.0,00000167.8,00000,00000,2
0103,000023.500,000044.999,00000994.0,00000167.8,00000,00000,3
0102,000023.120,000046.671,00000994.0,00000167.8,00000,00000,2
0103,000023.500,000045.184,00000994.0,00000167.8,00000,00000,3
0102,000022.989,000047.119,00000994.0,00000167.8,00000,00000,2
0103,000023.420,000045.547,00000994.0,00000167.8,00000,00000,3
0102,000023.159,000046.722,00000994.0,00000167.8,00000,00000,2
0103,000023.489,000045.357,00000994.0,00000167.8,00000,00000,3
0102,0000023.10,000046.972,00000994.0,00000167.8,00000,00000,2
0103,000023.440,000045.445,00000994.0,00000167.8,00000,00000,3
0102,0000023.40,000046.939,00000994.0,00000167.8,00000,00000,2
0103,000023.430,000045.432,00000994.0,00000167.8,00000,00000,3
0102,000023.129,000046.696,00000994.0,00000167.8,00000,00000,2
0103,000023.379,000045.542,00000994.0,00000167.8,00000,00000,3
0102,0000023.20,000046.973,00000994.0,00000167.8,00000,00000,2
0103,000023.350,000045.644,00000994.0,00000167.8,00000,00000,3
0102,0000023.40,000046.939,00000994.0,00000167.8,00000,00000,2
0103,000023.329,000045.712,00000994.0,00000167.8,00000,00000,3
0102,00000023.0,0000047.16,00000994.0,00000167.8,00000,00000,2
0103,000023.319,000045.722,00000994.0,00000167.8,00000,00000,3
0102,00000023.0,0000047.50,00000994.0,00000167.8,00000,00000,2
0103,000023.319,000045.769,00000994.0,00000167.8,00000,00000,3
0102,0000023.79,000046.944,00000994.0,00000167.8,00000,00000,2
0103,000023.280,000045.881,00000994.0,00000167.8,00000,00000,3
0102,0000023.79,0000047.48,00000994.0,00000167.8,00000,00000,2
0103,000023.340,000045.817,00000995.0,000158.269,00000,00000,3
0102,000022.899,000047.594,00000995.0,000158.269,00000,00000,2
0103,000023.260,000046.250,00000995.0,000158.269,00000,00000,3
0102,000022.989,000047.580,00000994.0,00000167.8,00000,00000,2
0103,000023.260,000046.343,00000994.0,00000167.8,00000,00000,3
0102,000022.909,000047.802,00000995.0,000158.269,00000,00000,2
0103,000023.260,000046.435,00000995.0,000158.269,00000,00000,3
0102,0000023.10,000047.744,00000995.0,000158.269,00000,00000,2
0103,000023.250,000046.573,00000995.0,000158.269,00000,00000,3
0102,0000023.10,000047.789,00000995.0,000158.269,00000,00000,2
0103,000023.219,000046.674,00000995.0,000158.269,00000,00000,3
0102,0000023.59,000047.749,00000995.0,000158.269,00000,00000,2
0103,000023.299,000046.636,00000995.0,000158.269,00000,00000,3
0102,0000023.20,000047.905,00000995.0,000158.269,00000,00000,2
0103,000023.340,000046.560,00000995.0,000158.269,00000,00000,3
0102,00000023.0,000047.960,00000995.0,000158.269,00000,00000,2
0103,000023.350,000046.561,00000995.0,000158.269,00000,00000,3
0102,000022.989,000047.995,00000995.0,000158.269,00000,00000,2
0103,000023.319,000046.685,00000995.0,000158.269,00000,00000,3
0102,0000023.40,000047.908,00000995.0,000158.269,00000,00000,2
0103,000023.280,000046.831,00000995.0,000158.269,00000,00000,3
0102,000022.989,000048.121,00000995.0,000158.269,00000,00000,2
0103,000023.299,000046.822,00000995.0,000158.269,00000,00000,3
0102,0000023.49,000047.955,00000994.0,00000167.8,00000,00000,2
0103,000023.299,000046.833,00000995.0,000158.269,00000,00000,3
0102,000022.979,000048.156,00000994.0,00000167.8,00000,00000,2
0103,000023.239,000046.966,00000995.0,000158.269,00000,00000,3
0102,0000023.10,000048.100,00000995.0,000158.269,00000,00000,2
0103,000023.260,000046.922,00000995.0,000158.269,00000,00000,3
0102,0000023.10,0000048.88,00000994.0,00000167.8,00000,00000,2
0103,000023.299,000046.880,00000995.0,000158.269,00000,00000,3
0102,0000023.20,000048.102,00000995.0,000158.269,00000,00000,2
0103,000023.309,000046.846,00000995.0,000158.269,00000,00000,3
0102,0000023.30,0000048.91,00000995.0,000158.269,00000,00000,2
0103,000023.250,0000047.13,00000995.0,000158.269,00000,00000,3
0102,000022.979,000048.213,00000995.0,000158.269,00000,00000,2
0103,000023.239,0000047.25,00000995.0,000158.269,00000,00000,3
0102,000022.979,000048.212,00000995.0,000158.269,00000,00000,2
0103,000023.270,000046.969,00000995.0,000158.269,00000,00000,3
0102,000022.959,000048.280,00000995.0,000158.269,00000,00000,2
0103,000023.270,000046.969,00000995.0,000158.269,00000,00000,3
0102,000022.989,000048.236,00000995.0,000158.269,00000,00000,2
0103,000023.270,0000047.39,00000995.0,000158.269,00000,00000,3
0102,000022.979,000048.259,00000995.0,000158.269,00000,00000,2
0103,000023.270,00000047.3,00000995.0,000158.269,00000,00000,3
0102,0000023.10,000048.192,00000995.0,000158.269,00000,00000,2
0103,000023.250,0000047.94,00000995.0,000158.269,00000,00000,3
0102,0000023.30,000048.102,00000995.0,000158.269,00000,00000,2
0103,000023.309,000046.940,00000995.0,000158.269,00000,00000,3
0102,0000023.40,0000048.58,00000995.0,000158.269,00000,00000,2
0103,000023.270,0000047.15,00000995.0,000158.269,00000,00000,3
0102,000022.989,000048.178,00000995.0,000158.269,00000,00000,2
0103,000023.260,0000047.83,00000995.0,000158.269,00000,00000,3
0102,000022.950,000048.244,00000995.0,000158.269,00000,00000,2
0103,000023.260,0000047.27,00000995.0,000158.269,00000,00000,3
0102,000022.920,000048.367,00000995.0,000158.269,00000,00000,2
0103,000023.239,000047.106,00000995.0,000158.269,00000,00000,3
0102,000022.959,000048.245,00000995.0,000158.269,00000,00000,2
0103,000023.280,00000047.5,00000995.0,000158.269,00000,00000,3
0102,000022.969,000048.223,00000995.0,000158.269,00000,00000,2
0103,000023.290,000046.937,00000995.0,000158.269,00000,00000,3
0102,000022.920,000048.367,00000995.0,000158.269,00000,00000,2
0103,000023.280,000046.970,00000995.0,000158.269,00000,00000,3
0102,000022.920,000048.333,00000995.0,000158.269,00000,00000,2
0103,000023.250,0000047.60,00000995.0,000158.269,00000,00000,3
0102,000022.889,000048.422,00000995.0,000158.269,00000,00000,2
0103,000023.190,000047.169,00000995.0,000158.269,00000,00000,3
0102,000022.969,000048.176,00000995.0,000158.269,00000,00000,2
0103,000023.219,000047.115,00000995.0,000158.269,00000,00000,3
0102,000022.899,000048.284,00000995.0,000158.269,00000,00000,2
0103,000023.110,000047.301,00000995.0,000158.269,00000,00000,3
0102,000022.870,000048.305,00000995.0,000158.269,00000,00000,2
0103,000023.229,000046.954,00000995.0,000158.269,00000,00000,3
0102,000022.860,000048.269,00000995.0,000158.269,00000,00000,2
0103,000023.190,00000047.7,00000995.0,000158.269,00000,00000,3
0102,000022.899,000048.158,00000995.0,000158.269,00000,00000,2
0103,000023.170,0000047.28,00000995.0,000158.269,00000,00000,3
0102,000022.899,0000048.78,00000995.0,000158.269,00000,00000,2
0103,000023.200,000046.846,00000995.0,000158.269,00000,00000,3
0102,000022.840,000048.140,00000995.0,000158.269,00000,00000,2
0103,000023.170,000046.877,00000995.0,000158.269,00000,00000,3
0102,000022.840,000048.127,00000995.0,000158.269,00000,00000,2
0103,000023.170,000046.773,00000995.0,000158.269,00000,00000,3
0102,000022.829,0000048.36,00000995.0,000158.269,00000,00000,2
0103,000023.129,000046.850,00000995.0,000158.269,00000,00000,3
0102,000022.899,000047.825,00000995.0,000158.269,00000,00000,2
0103,000023.159,000046.715,00000995.0,000158.269,00000,00000,3
0102,000022.819,000047.964,00000995.0,000158.269,00000,00000,2
0103,000023.149,000046.725,00000995.0,000158.269,00000,00000,3
0102,000022.829,000047.943,00000995.0,000158.269,00000,00000,2
0103,000023.159,000046.587,00000995.0,000158.269,00000,00000,3
0102,000022.850,000047.750,00000995.0,000158.269,00000,00000,2
0103,000023.139,000046.644,00000995.0,000158.269,00000,00000,3
0102,000022.819,000047.850,00000995.0,000158.269,00000,00000,2
0103,000023.170,000046.495,00000995.0,000158.269,00000,00000,3
0102,000022.780,000047.915,00000995.0,000158.269,00000,00000,2
0103,000023.190,000046.394,00000995.0,000158.269,00000,00000,3
0102,000022.850,000047.704,00000995.0,000158.269,00000,00000,2
0103,000023.129,000046.503,00000995.0,000158.269,00000,00000,3
0102,000022.809,000047.722,00000995.0,000158.269,00000,00000,2
0103,000023.120,000046.502,00000996.0,000149.535,00000,00000,3
0102,000022.790,000047.789,00000995.0,000158.269,00000,00000,2
0103,0000023.40,000046.621,00000995.0,000158.269,00000,00000,3
0102,000022.819,000047.677,00000995.0,000158.269,00000,00000,2
0103,000023.110,000046.410,00000995.0,000158.269,00000,00000,3
0102,000022.780,000047.697,00000995.0,000158.269,00000,00000,2
0103,0000023.59,000046.519,00000995.0,000158.269,00000,00000,3
0102,000022.799,000047.606,00000996.0,000149.535,00000,00000,2
0103,000023.110,000046.363,00000996.0,000149.535,00000,00000,3
0102,000022.790,000047.547,00000996.0,000149.535,00000,00000,2
0103,000023.149,000046.227,00000996.0,000149.535,00000,00000,3
0102,000022.770,000047.579,00000996.0,000149.535,00000,00000,2
0103,0000023.59,000046.356,00000996.0,000149.535,00000,00000,3
0102,000022.760,000047.521,00000996.0,000149.535,00000,00000,2
0103,0000023.90,000046.221,00000996.0,000149.535,00000,00000,3
0102,000022.760,000047.544,00000996.0,000149.535,00000,00000,2
0103,000023.100,000046.187,00000996.0,000149.535,00000,00000,3
0102,000022.790,000047.420,00000996.0,000149.535,00000,00000,2
0103,0000023.49,000046.309,00000996.0,000149.535,00000,00000,3
0102,000022.760,000047.487,00000996.0,000149.535,00000,00000,2
0103,0000023.40,000046.296,00000996.0,000149.535,00000,00000,3
0102,000022.750,000047.532,00000996.0,000149.535,00000,00000,2
0103,0000023.40,000046.296,00000996.0,000149.535,00000,00000,3
0102,000022.739,000047.531,00000996.0,000149.535,00000,00000,2
0103,0000023.59,000046.229,00000996.0,000149.535,00000,00000,3
0102,000022.770,000047.394,00000996.0,000149.535,00000,00000,2
0103,0000023.49,000046.193,00000996.0,000149.535,00000,00000,3
0102,000022.739,000047.426,00000996.0,000149.535,00000,00000,2
0103,0000023.59,000046.182,00000996.0,000149.535,00000,00000,3
0102,000022.770,000047.327,00000996.0,000149.535,00000,00000,2
0103,0000023.30,000046.157,00000996.0,000149.535,00000,00000,3
0102,000022.729,000047.414,00000997.0,000140.810,00000,00000,2
0103,000022.989,000046.281,00000997.0,000140.810,00000,00000,3
0102,000022.760,000047.360,00000997.0,000140.810,00000,00000,2
0103,0000023.49,000046.159,00000997.0,000140.810,00000,00000,3
0102,000022.950,000047.311,00000997.0,000140.810,00000,00000,2
0103,000023.260,000045.972,00000997.0,000140.810,00000,00000,3
0102,000022.809,000047.354,00000997.0,000140.810,00000,00000,2
0103,000023.149,000045.983,00000997.0,000140.810,00000,00000,3
0102,000022.680,000047.685,00000997.0,000140.810,00000,00000,2
0103,000023.129,0000046.16,00000997.0,000140.810,00000,00000,3
0102,000022.690,000047.652,00000997.0,000140.810,00000,00000,2
0103,000023.129,0000046.29,00000997.0,000140.810,00000,00000,3
0102,000022.639,000047.715,00000998.0,0000132.93,00000,00000,2
0103,000023.120,0000046.39,00000998.0,0000132.93,00000,00000,3
0102,000022.659,000047.671,00000998.0,0000132.93,00000,00000,2
0103,000023.120,0000046.50,00000998.0,0000132.93,00000,00000,3
0102,000022.610,000047.793,00000998.0,0000132.93,00000,00000,2
0103,000023.129,0000046.16,00000998.0,0000132.93,00000,00000,3
0102,000022.639,000047.669,00000998.0,0000132.93,00000,00000,2
0103,0000023.59,000046.125,00000998.0,0000132.93,00000,00000,3
0102,000022.610,000047.816,00000998.0,0000132.93,00000,00000,2
0103,00000023.0,000046.247,00000998.0,0000132.93,00000,00000,3
0102,000022.639,000047.726,00000998.0,0000132.93,00000,00000,2
0103,000023.110,0000046.62,00000998.0,0000132.93,00000,00000,3
0102,000022.629,000047.738,00000998.0,0000132.93,00000,00000,2
0103,000022.969,000046.405,00000998.0,0000132.93,00000,00000,3
0102,000022.639,000047.785,00000998.0,0000132.93,00000,00000,2
0103,0000023.59,000046.194,00000998.0,0000132.93,00000,00000,3
0102,000022.649,000047.741,00000998.0,0000132.93,00000,00000,2
0103,0000023.40,000046.227,00000998.0,0000132.93,00000,00000,3
0102,000022.739,000047.622,00000998.0,0000132.93,00000,00000,2
0103,0000023.30,000046.412,00000998.0,0000132.93,00000,00000,3
0102,000022.659,000047.787,00000998.0,0000132.93,00000,00000,2
0103,000022.909,000046.665,00000998.0,0000132.93,00000,00000,3
0102,000022.559,0000048.41,00000999.0,000123.381,00000,00000,2
0103,0000023.10,000046.421,00000999.0,000123.381,00000,00000,3
0102,000022.700,000047.746,00000999.0,000123.381,00000,00000,2
0103,0000023.30,000046.400,00000999.0,000123.381,00000,00000,3
0102,000022.649,000047.914,00000999.0,000123.381,00000,00000,2
0103,000023.110,000046.269,00000999.0,000123.381,00000,00000,3
0102,000022.670,000047.799,00000999.0,000123.381,00000,00000,2
0103,000023.100,000046.199,00000999.0,000123.381,00000,00000,3
0102,000022.709,000047.918,00000999.0,000123.381,00000,00000,2
0103,000023.159,000046.309,00000999.0,000123.381,00000,00000,3
0102,000022.909,000047.353,00000999.0,000123.381,00000,00000,2
0103,000023.229,0000046.61,00000999.0,000123.381,00000,00000,3
0102,000022.799,000047.779,00000999.0,000123.381,00000,00000,2
0103,000023.200,000046.360,00000999.0,000123.381,00000,00000,3
0102,000022.829,000047.736,00000999.0,000123.381,00000,00000,2
0103,000023.180,000046.312,00000999.0,000123.381,00000,00000,3
0102,000022.879,000047.614,00000999.0,000123.381,00000,00000,2
0103,000023.209,000046.210,00000999.0,000123.381,00000,00000,3
0102,0000023.49,0000047.56,00000999.0,000123.381,00000,00000,2
0103,000023.389,000045.752,00000999.0,000123.381,00000,00000,3
0102,000023.489,000046.652,00000999.0,000123.381,00000,00000,2
0103,000023.780,000045.281,00000999.0,000123.381,00000,00000,3
0102,000023.409,000046.575,00000999.0,000123.381,00000,00000,2
0103,000023.750,000045.198,00000999.0,000123.381,00000,00000,3
0102,000023.579,000046.431,00000999.0,000123.381,00000,00000,2
0103,000023.920,000045.133,00000999.0,000123.381,00000,00000,3
0102,000023.739,000046.216,00000999.0,000123.381,00000,00000,2
0103,000023.870,000045.246,00000999.0,000123.381,00000,00000,3
0102,000023.670,000046.313,00000999.0,000123.381,00000,00000,2
0103,000023.959,000045.253,00000999.0,000123.381,00000,00000,3
0102,000023.600,000046.630,00000999.0,000123.381,00000,00000,2
0103,000023.819,000045.612,00000999.0,000123.381,00000,00000,3
0102,000023.739,000046.448,00000999.0,000123.381,00000,00000,2
0103,0000024.49,000045.251,00000999.0,000123.381,00000,00000,3
0102,000023.879,0000046.58,00000999.0,000123.381,00000,00000,2
0103,000024.170,000044.996,00000999.0,000123.381,00000,00000,3
0102,000023.989,000046.311,00000999.0,000123.381,00000,00000,2
0103,000024.399,000044.879,00000999.0,000123.381,00000,00000,3
0102,000023.680,0000047.41,00000999.0,000123.381,00000,00000,2
0103,0000024.10,000045.735,00001000.0,000114.675,00000,00000,3
0102,000023.500,000047.358,00000999.0,000123.381,00000,00000,2
0103,000023.909,000045.816,00001000.0,000114.675,00000,00000,3
0102,000023.409,000047.624,00000999.0,000123.381,00000,00000,2
0103,000023.840,0000046.88,00001000.0,000114.675,00000,00000,3
0102,000023.379,000047.737,00000999.0,000123.381,00000,00000,2
0103,000023.750,000046.300,00001000.0,000114.675,00000,00000,3
0102,000023.420,000047.569,00001000.0,000114.675,00000,00000,2
0103,000023.780,000046.209,00001000.0,000114.675,00000,00000,3
0102,000023.360,000047.735,00001000.0,000114.675,00000,00000,2
0103,000023.690,000046.375,00001000.0,000114.675,00000,00000,3
0102,000023.329,000047.708,00001000.0,000114.675,00000,00000,2
0103,000023.659,000046.384,00001000.0,000114.675,00000,00000,3
0102,000023.309,000047.751,00001000.0,000114.675,00000,00000,2
0103,000023.719,000046.263,00001000.0,000114.675,00000,00000,3
0102,000023.260,000047.885,00001000.0,000114.675,00000,00000,2
0103,000023.659,000046.396,00001000.0,000114.675,00000,00000,3
0102,000023.239,000047.895,00000999.0,000123.381,00000,00000,2
0103,000023.670,000046.362,00000999.0,000123.381,00000,00000,3
0102,000023.260,000047.851,00000999.0,000123.381,00000,00000,2
0103,000023.629,000046.416,00001000.0,000114.675,00000,00000,3
0102,000023.309,000047.740,00000999.0,000123.381,00000,00000,2
0103,000023.639,000046.406,00001000.0,000114.675,00000,00000,3
0102,000023.350,000047.583,00001000.0,000114.675,00000,00000,2
0103,000023.680,000046.270,00001000.0,000114.675,00000,00000,3
0102,000023.350,000047.572,00001000.0,000114.675,00000,00000,2
0103,000023.790,000045.991,00001000.0,000114.675,00000,00000,3
0102,000023.360,000047.388,00001000.0,000114.675,00000,00000,2
0103,000023.700,0000046.28,00001000.0,000114.675,00000,00000,3
0102,000023.399,000047.185,00001000.0,000114.675,00000,00000,2
0103,000023.780,000045.735,00001000.0,000114.675,00000,00000,3
0102,000023.389,000047.104,00001000.0,000114.675,00000,00000,2
0103,000023.860,000045.428,00001000.0,000114.675,00000,00000,3
0102,000023.420,000046.946,00001000.0,000114.675,00000,00000,2
0103,000023.850,000045.359,00001000.0,000114.675,00000,00000,3
0102,000023.530,000046.679,00001000.0,000114.675,00000,00000,2
0103,000023.979,0000045.70,00001000.0,000114.675,00000,00000,3
0102,000023.549,000046.543,00000999.0,000123.381,00000,00000,2
0103,000023.989,000044.943,00001000.0,000114.675,00000,00000,3
0102,000023.170,000046.263,00001000.0,000114.675,00000,00000,2
0103,000023.670,000044.598,00001000.0,000114.675,00000,00000,3
0102,000023.209,000045.712,00000999.0,000123.381,00000,00000,2
0103,000023.500,000044.488,00001000.0,000114.675,00000,00000,3
0102,000023.170,000045.525,00000999.0,000123.381,00000,00000,2
0103,000023.540,000044.109,00001000.0,000114.675,00000,00000,3
0102,000023.260,00000045.2,00001000.0,000114.675,00000,00000,2
0103,000023.690,000043.415,00001000.0,000114.675,00000,00000,3
0102,000023.329,000045.207,00001000.0,000114.675,00000,00000,2
0103,000023.659,000043.912,00001000.0,000114.675,00000,00000,3
0102,000023.340,000045.379,00000999.0,000123.381,00000,00000,2
0103,000023.690,0000044.54,00001000.0,000114.675,00000,00000,3
0102,000023.340,000045.471,00001000.0,000114.675,00000,00000,2
0103,000023.719,0000044.92,00001000.0,000114.675,00000,00000,3
0102,000023.350,000045.519,00001000.0,000114.675,00000,00000,2
0103,000023.690,000044.205,00001000.0,000114.675,00000,00000,3
0102,000023.469,000045.196,00001000.0,000114.675,00000,00000,2
0103,000023.829,000043.882,00001000.0,000114.675,00000,00000,3
0102,000023.469,000044.930,00001000.0,000114.675,00000,00000,2
0103,000023.860,000043.397,00001000.0,000114.675,00000,00000,3
0102,000023.459,000044.492,00001000.0,000114.675,00000,00000,2
0103,000023.829,000043.103,00001000.0,000114.675,00000,00000,3
0102,000023.260,000044.472,00001000.0,000114.675,00000,00000,2
0103,000023.680,00000043.8,00001000.0,000114.675,00000,00000,3
0102,000023.340,000043.971,00001000.0,000114.675,00000,00000,2
0103,000023.790,000042.553,00001000.0,000114.675,00000,00000,3
0102,000023.299,000043.125,00001000.0,000114.675,00000,00000,2
0103,000023.750,000041.656,00001000.0,000114.675,00000,00000,3
0102,000023.500,0000042.94,00001000.0,000114.675,00000,00000,2
0103,000023.920,000040.776,00001000.0,000114.675,00000,00000,3
0102,000023.530,000042.801,00001000.0,000114.675,00000,00000,2
0103,000023.930,000041.416,00001000.0,000114.675,00000,00000,3
0102,000023.500,0000043.53,00001000.0,000114.675,00000,00000,2
0103,000023.870,000041.748,00001000.0,000114.675,00000,00000,3
0102,000023.500,000043.306,00001000.0,000114.675,00000,00000,2
0103,000023.969,000041.721,00001000.0,000114.675,00000,00000,3
0102,000023.780,000042.963,00001000.0,000114.675,00000,00000,2
0103,0000024.59,000041.718,00001000.0,000114.675,00000,00000,3
0102,000023.629,000043.366,00001000.0,000114.675,00000,00000,2
0103,0000024.59,000041.858,00001000.0,000114.675,00000,00000,3
0102,000023.690,000043.348,00001000.0,000114.675,00000,00000,2
0103,000024.120,000041.864,00001000.0,000114.675,00000,00000,3
0102,000023.770,000043.309,00001000.0,000114.675,00000,00000,2
0103,000024.120,000041.957,00001000.0,000114.675,00000,00000,3
0102,000023.809,000043.267,00001000.0,000114.675,00000,00000,2
0103,000024.219,000041.815,00001000.0,000114.675,00000,00000,3
0102,000023.850,000043.271,00001001.0,000105.977,00000,00000,2
0103,000024.399,000041.529,00001001.0,000105.977,00000,00000,3
0102,0000024.10,000042.997,00001001.0,000105.977,00000,00000,2
0103,000024.489,000041.420,00001001.0,000105.977,00000,00000,3
0102,000024.280,000042.468,00001001.0,000105.977,00000,00000,2
0103,000024.790,000040.808,00001001.0,000105.977,00000,00000,3
0102,000024.450,000042.207,00001001.0,000105.977,00000,00000,2
0103,000024.950,000040.541,00001001.0,000105.977,00000,00000,3
0102,000024.459,000042.172,00001001.0,000105.977,00000,00000,2
0103,0000025.40,000040.481,00001001.0,000105.977,00000,00000,3
0102,000024.649,000041.936,00001001.0,000105.977,00000,00000,2
0103,0000025.10,000040.583,00001001.0,000105.977,00000,00000,3
0102,000024.579,000042.137,00001001.0,000105.977,00000,00000,2
0103,000024.969,000040.800,00001001.0,000105.977,00000,00000,3
0102,000024.469,000042.486,00001001.0,000105.977,00000,00000,2
0103,000024.909,000040.993,00001001.0,000105.977,00000,00000,3
0102,000024.389,000042.212,00001001.0,000105.977,00000,00000,2
0103,000024.809,000040.822,00001001.0,000105.977,00000,00000,3
0102,000024.309,000041.128,00001001.0,000105.977,00000,00000,2
0103,000024.670,000039.772,00001001.0,000105.977,00000,00000,3
0102,000024.469,000041.225,00001001.0,000105.977,00000,00000,2
0103,000024.750,000040.280,00001001.0,000105.977,00000,00000,3
0102,000024.399,000041.693,00001001.0,000105.977,00000,00000,2
0103,000024.600,000040.697,00001001.0,000105.977,00000,00000,3
0102,000024.319,000041.974,00001001.0,000105.977,00000,00000,2
0103,000024.489,000041.107,00001001.0,000105.977,00000,00000,3
0102,000024.170,000042.389,00001001.0,000105.977,00000,00000,2
0103,000024.340,000041.489,00001001.0,000105.977,00000,00000,3
0102,00000024.0,000042.870,00001001.0,000105.977,00000,00000,2
0103,000024.250,000041.818,00001001.0,000105.977,00000,00000,3
0102,000023.989,0000043.64,00001001.0,000105.977,00000,00000,2
0103,000024.299,000041.811,00001001.0,000105.977,00000,00000,3
0102,000023.879,000043.367,00001001.0,000105.977,00000,00000,2
0103,000024.110,000042.328,00001001.0,000105.977,00000,00000,3
0102,000023.719,000043.790,00001001.0,000105.977,00000,00000,2
0103,0000024.90,000042.455,00001001.0,000105.977,00000,00000,3
0102,000023.809,000043.660,00001001.0,000105.977,00000,00000,2
0103,0000024.79,000042.535,00001002.0,000097.287,00000,00000,3
0102,000023.850,000043.572,00001002.0,000097.287,00000,00000,2
0103,0000024.90,000042.536,00001002.0,000097.287,00000,00000,3
0102,000023.670,000043.994,00001002.0,000097.287,00000,00000,2
0103,0000024.40,000042.693,00001002.0,000097.287,00000,00000,3
0102,000023.729,000043.883,00001002.0,000097.287,00000,00000,2
0103,000023.879,0000043.50,00001002.0,000097.287,00000,00000,3
0102,000023.649,0000044.84,00001002.0,000097.287,00000,00000,2
0103,000023.860,0000043.72,00001002.0,000097.287,00000,00000,3
0102,000023.639,0000044.82,00001002.0,000097.287,00000,00000,2
0103,000023.840,000043.151,00001002.0,000097.287,00000,00000,3
0102,000023.600,000044.125,00001002.0,000097.287,00000,00000,2
0103,000023.799,000043.206,00001002.0,000097.287,00000,00000,3
0102,000023.559,000044.213,00001002.0,000097.287,00000,00000,2
0103,000023.700,000043.416,00001002.0,000097.287,00000,00000,3
0102,000023.479,000044.414,00001002.0,000097.287,00000,00000,2
0103,000023.790,000043.262,00001002.0,000097.287,00000,00000,3
0102,000023.430,000044.512,00001002.0,000097.287,00000,00000,2
0103,000023.680,000043.484,00001002.0,000097.287,00000,00000,3
0102,000023.440,000044.513,00001002.0,000097.287,00000,00000,2
0103,000023.680,000043.518,00001002.0,000097.287,00000,00000,3
0102,000023.500,000044.450,00001002.0,000097.287,00000,00000,2
0103,000023.659,000043.598,00001002.0,000097.287,00000,00000,3
0102,000023.459,000044.515,00001002.0,000097.287,00000,00000,2
0103,000023.639,000043.631,00001002.0,000097.287,00000,00000,3
0102,000023.430,000044.616,00001002.0,000097.287,00000,00000,2
0103,000023.600,000043.673,00001002.0,000097.287,00000,00000,3
0102,000023.360,000044.759,00001002.0,000097.287,00000,00000,2
0103,000023.579,000043.753,00001002.0,000097.287,00000,00000,3
0102,000023.319,000044.813,00001002.0,000097.287,00000,00000,2
0103,000023.559,000043.762,00001003.0,000088.606,00000,00000,3
0102,000023.270,0000045.38,00001003.0,000088.606,00000,00000,2
0103,000023.510,0000044.13,00001003.0,000088.606,00000,00000,3
0102,000023.309,0000045.19,00001003.0,000088.606,00000,00000,2
0103,000023.569,000043.903,00001003.0,000088.606,00000,00000,3
0102,000023.260,000045.222,00001003.0,000088.606,00000,00000,2
0103,000023.479,000044.218,00001003.0,000088.606,00000,00000,3
0102,000023.250,000045.233,00001003.0,000088.606,00000,00000,2
0103,000023.420,000044.340,00001003.0,000088.606,00000,00000,3
0102,000023.299,000045.191,00001003.0,000088.606,00000,00000,2
0103,000023.459,000044.321,00001003.0,000088.606,00000,00000,3
0102,000023.270,000045.175,00001003.0,000088.606,00000,00000,2
0103,000023.450,000044.320,00001003.0,000088.606,00000,00000,3
0102,000023.200,000045.320,00001003.0,000088.606,00000,00000,2
0103,000023.440,000044.286,00001003.0,000088.606,00000,00000,3
0102,000023.209,000045.262,00001003.0,000088.606,00000,00000,2
0103,000023.379,000044.406,00001003.0,000088.606,00000,00000,3
0102,000023.219,000045.242,00001003.0,000088.606,00000,00000,2
0103,000023.360,000044.416,00001003.0,000088.606,00000,00000,3
0102,000023.149,000045.303,00001003.0,000088.606,00000,00000,2
0103,000023.340,000044.345,00001003.0,000088.606,00000,00000,3
0102,000023.120,000045.357,00001003.0,000088.606,00000,00000,2
0103,000023.389,000044.174,00001003.0,000088.606,00000,00000,3
0102,000023.190,000045.181,00001003.0,000088.606,00000,00000,2
0103,000023.399,000044.175,00001003.0,000088.606,00000,00000,3
0102,000023.149,000045.201,00001003.0,000088.606,00000,00000,2
0103,000023.360,000044.183,00001003.0,000088.606,00000,00000,3
0102,000023.149,000045.142,00001003.0,000088.606,00000,00000,2
0103,000023.399,000044.106,00001003.0,000088.606,00000,00000,3
0102,000023.110,000045.264,00001003.0,000088.606,00000,00000,2
0103,000023.340,000044.160,00001003.0,000088.606,00000,00000,3
0102,0000023.69,000045.352,00001003.0,000088.606,00000,00000,2
0103,000023.350,000044.136,00001003.0,000088.606,00000,00000,3
0102,0000023.40,000045.361,00001003.0,000088.606,00000,00000,2
0103,000023.309,000044.225,00001003.0,000088.606,00000,00000,3
0102,000023.110,000045.195,00001003.0,000088.606,00000,00000,2
0103,000023.290,000044.247,00001003.0,000088.606,00000,00000,3
0102,0000023.79,000045.307,00001003.0,000088.606,00000,00000,2
0103,000023.309,000044.226,00001003.0,000088.606,00000,00000,3
0102,0000023.49,000045.258,00001003.0,000088.606,00000,00000,2
0103,000023.290,000044.247,00001003.0,000088.606,00000,00000,3
0102,00000023.0,000045.392,00001003.0,000088.606,00000,00000,2
0103,000023.270,000044.279,00001003.0,000088.606,00000,00000,3
0102,0000023.69,000045.284,00001003.0,000088.606,00000,00000,2
0103,000023.260,000044.314,00001003.0,000088.606,00000,00000,3
0102,0000023.30,000045.267,00001003.0,000088.606,00000,00000,2
0103,000023.270,000044.140,00001003.0,000088.606,00000,00000,3
0102,0000023.59,0000045.52,00001003.0,000088.606,00000,00000,2
0103,000023.290,00000044.3,00001003.0,000088.606,00000,00000,3
0102,0000023.90,000044.847,00001003.0,000088.606,00000,00000,2
0103,000023.219,0000044.78,00001003.0,000088.606,00000,00000,3
0102,0000023.30,000044.830,00001003.0,000088.606,00000,00000,2
0103,000023.159,0000044.72,00001003.0,000088.606,00000,00000,3
0102,000023.110,000044.595,00001003.0,000088.606,00000,00000,2
0103,000023.170,000043.957,00001003.0,000088.606,00000,00000,3
0102,0000023.40,000044.624,00001003.0,000088.606,00000,00000,2
0103,000023.170,000043.921,00001003.0,000088.606,00000,00000,3
0102,0000023.49,000044.567,00001003.0,000088.606,00000,00000,2
0103,000023.110,000043.916,00001003.0,000088.606,00000,00000,3
0102,0000023.49,000044.405,00001003.0,000088.606,00000,00000,2
0103,000023.180,000043.678,00001003.0,000088.606,00000,00000,3
0102,0000023.10,000044.355,00001003.0,000088.606,00000,00000,2
0103,000023.100,000043.648,00001003.0,000088.606,00000,00000,3
0102,0000023.10,000044.286,00001003.0,000088.606,00000,00000,2
0103,000023.139,000043.572,00001003.0,000088.606,00000,00000,3
0102,0000023.49,0000044.25,00001003.0,000088.606,00000,00000,2
0103,000023.149,000043.386,00001003.0,000088.606,00000,00000,3
0102,000022.989,000044.133,00001003.0,000088.606,00000,00000,2
0103,000023.110,000043.406,00001003.0,000088.606,00000,00000,3
0102,00000023.0,0000044.19,00001003.0,000088.606,00000,00000,2
0103,0000023.79,000043.344,00001003.0,000088.606,00000,00000,3
0102,000022.940,0000044.60,00001003.0,000088.606,00000,00000,2
0103,000023.120,000043.163,00001003.0,000088.606,00000,00000,3
0102,0000023.10,000043.779,00001003.0,000088.606,00000,00000,2
0103,000023.139,0000043.27,00001003.0,000088.606,00000,00000,3
0102,00000023.0,000043.778,00001003.0,000088.606,00000,00000,2
0103,000023.100,0000043.81,00001003.0,000088.606,00000,00000,3
0102,00000023.0,000043.801,00001003.0,000088.606,00000,00000,2
0103,000023.149,0000043.15,00001003.0,000088.606,00000,00000,3
0102,0000023.10,000043.813,00001003.0,000088.606,00000,00000,2
0103,0000023.69,000043.206,00001003.0,000088.606,00000,00000,3
0102,000022.979,000043.914,00001003.0,000088.606,00000,00000,2
0103,000023.120,000043.163,00001003.0,000088.606,00000,00000,3
0102,000022.969,000043.948,00001003.0,000088.606,00000,00000,2
0103,000023.110,000043.185,00001003.0,000088.606,00000,00000,3
0102,000022.940,0000044.26,00001003.0,000088.606,00000,00000,2
0103,0000023.59,000043.285,00001003.0,000088.606,00000,00000,3
0102,000022.799,000044.289,00001003.0,000088.606,00000,00000,2
0103,000022.979,000043.382,00001003.0,000088.606,00000,00000,3
0102,000022.819,000044.198,00001003.0,000088.606,00000,00000,2
0103,000022.989,000043.348,00001003.0,000088.606,00000,00000,3
0102,000022.819,0000044.83,00001003.0,000088.606,00000,00000,2
0103,000022.930,000043.375,00001003.0,000088.606,00000,00000,3
0102,000022.899,000043.849,00001003.0,000088.606,00000,00000,2
0103,0000023.20,000043.154,00001003.0,000088.606,00000,00000,3
0102,000022.840,0000044.15,00001003.0,000088.606,00000,00000,2
0103,0000023.20,0000043.95,00001003.0,000088.606,00000,00000,3
0102,000022.760,000044.123,00001003.0,000088.606,00000,00000,2
0103,000022.899,000043.350,00001003.0,000088.606,00000,00000,3
0102,000022.850,000043.878,00001003.0,000088.606,00000,00000,2
0103,000022.959,000043.148,00001003.0,000088.606,00000,00000,3
0102,000022.860,000043.752,00001003.0,000088.606,00000,00000,2
0103,0000023.30,000042.958,00001003.0,000088.606,00000,00000,3
0102,000022.870,000043.684,00001003.0,000088.606,00000,00000,2
0103,000022.969,00000043.9,00001003.0,000088.606,00000,00000,3
0102,000022.790,000043.791,00001003.0,000088.606,00000,00000,2
0103,000022.920,0000043.39,00001003.0,000088.606,00000,00000,3
0102,000022.780,000043.722,00001003.0,000088.606,00000,00000,2
0103,000022.870,0000043.24,00001003.0,000088.606,00000,00000,3
0102,000022.829,000043.611,00001003.0,000088.606,00000,00000,2
0103,000022.930,000042.912,00001003.0,000088.606,00000,00000,3
0102,000022.719,000043.761,00001003.0,000088.606,00000,00000,2
0103,000022.889,000042.990,00001003.0,000088.606,00000,00000,3
0102,000022.709,000043.750,00001003.0,000088.606,00000,00000,2
0103,000022.930,000042.842,00001003.0,000088.606,00000,00000,3
0102,000022.719,000043.705,00001003.0,000088.606,00000,00000,2
0103,000022.899,000042.817,00001003.0,000088.606,00000,00000,3
0102,000022.750,000043.591,00001003.0,000088.606,00000,00000,2
0103,000022.930,000042.726,00001003.0,000088.606,00000,00000,3
0102,000022.680,000043.712,00001002.0,000097.287,00000,00000,2
0103,000022.920,000042.737,00001002.0,000097.287,00000,00000,3
0102,000022.729,000043.555,00001002.0,000097.287,00000,00000,2
0103,000022.889,000042.747,00001002.0,000097.287,00000,00000,3
0102,000022.639,000043.812,00001002.0,000097.287,00000,00000,2
0103,000022.819,000042.925,00001002.0,000097.287,00000,00000,3
0102,000022.659,000043.687,00001002.0,000097.287,00000,00000,2
0103,000022.860,000042.779,00001003.0,000088.606,00000,00000,3
0102,000022.649,000043.766,00001002.0,000097.287,00000,00000,2
0103,000022.860,000042.849,00001002.0,000097.287,00000,00000,3
0102,000022.700,000043.714,00001002.0,000097.287,00000,00000,2
0103,000022.930,000042.762,00001002.0,000097.287,00000,00000,3
0102,000022.690,000043.804,00001002.0,000097.287,00000,00000,2
0103,000022.860,000042.953,00001002.0,000097.287,00000,00000,3
0102,000022.709,000043.794,00001002.0,000097.287,00000,00000,2
0103,000022.829,0000043.20,00001002.0,000097.287,00000,00000,3
0102,000022.590,000043.991,00001002.0,000097.287,00000,00000,2
0103,000022.809,0000043.17,00001002.0,000097.287,00000,00000,3
0102,000022.670,000043.873,00001002.0,000097.287,00000,00000,2
0103,000022.829,0000043.32,00001002.0,000097.287,00000,00000,3
0102,000022.680,000043.815,00001002.0,000097.287,00000,00000,2
0103,000022.840,000042.997,00001002.0,000097.287,00000,00000,3
0102,000022.659,000043.825,00001002.0,000097.287,00000,00000,2
0103,000022.799,0000043.86,00001002.0,000097.287,00000,00000,3
0102,000022.600,000043.957,00001002.0,000097.287,00000,00000,2
0103,000022.750,000043.139,00001002.0,000097.287,00000,00000,3
0102,000022.670,000043.802,00001002.0,000097.287,00000,00000,2
0103,000022.770,000043.129,00001002.0,000097.287,00000,00000,3
0102,000022.600,000043.969,00001002.0,000097.287,00000,00000,2
0103,000022.760,000043.221,00001002.0,000097.287,00000,00000,3
0102,000022.569,0000044.58,00001002.0,000097.287,00000,00000,2
0103,000022.729,000043.253,00001002.0,000097.287,00000,00000,3
0102,000022.579,000043.979,00001002.0,000097.287,00000,00000,2
0103,000022.790,0000043.73,00001002.0,000097.287,00000,00000,3
0102,000022.600,000043.992,00001002.0,000097.287,00000,00000,2
0103,000022.739,000043.172,00001002.0,000097.287,00000,00000,3
0102,000022.590,000043.967,00001002.0,000097.287,00000,00000,2
0103,000022.790,0000043.49,00001002.0,000097.287,00000,00000,3
0102,000022.569,0000044.12,00001001.0,000105.977,00000,00000,2
0103,000022.690,000043.284,00001001.0,000105.977,00000,00000,3
0102,000022.620,000043.889,00001002.0,000097.287,00000,00000,2
0103,000022.739,000043.126,00001002.0,000097.287,00000,00000,3
0102,000022.600,000043.934,00001002.0,000097.287,00000,00000,2
0103,000022.770,000043.106,00001002.0,000097.287,00000,00000,3
0102,000022.530,000044.123,00001002.0,000097.287,00000,00000,2
0103,000022.760,0000043.36,00001002.0,000097.287,00000,00000,3
0102,000022.559,0000044.91,00001002.0,000097.287,00000,00000,2
0103,000022.700,000043.227,00001002.0,000097.287,00000,00000,3
0102,000022.559,0000044.45,00001002.0,000097.287,00000,00000,2
0103,000022.729,000043.183,00001002.0,000097.287,00000,00000,3
0102,000022.479,000044.211,00001002.0,000097.287,00000,00000,2
0103,000022.739,000043.115,00001002.0,000097.287,00000,00000,3
0102,000022.530,000044.134,00001002.0,000097.287,00000,00000,2
0103,000022.750,000043.127,00001002.0,000097.287,00000,00000,3
0102,000022.540,000044.159,00001002.0,000097.287,00000,00000,2
0103,000022.700,000043.307,00001002.0,000097.287,00000,00000,3
0102,000022.530,000044.262,00001002.0,000097.287,00000,00000,2
0103,000022.729,000043.288,00001002.0,000097.287,00000,00000,3
0102,000022.450,000044.450,00001001.0,000105.977,00000,00000,2
0103,000022.680,000043.433,00001002.0,000097.287,00000,00000,3
0102,000022.530,000044.342,00001001.0,000105.977,00000,00000,2
0103,000022.750,000043.417,00001002.0,000097.287,00000,00000,3
0102,000022.620,000044.224,00001001.0,000105.977,00000,00000,2
0103,000022.799,000043.341,00001001.0,000105.977,00000,00000,3
0102,000022.610,000044.328,00001001.0,000105.977,00000,00000,2
0103,000022.799,000043.434,00001002.0,000097.287,00000,00000,3
0102,000022.590,000044.382,00001001.0,000105.977,00000,00000,2
0103,000022.750,000043.556,00001001.0,000105.977,00000,00000,3
0102,000022.510,000044.673,00001001.0,000105.977,00000,00000,2
0103,000022.680,000043.782,00001001.0,000105.977,00000,00000,3
0102,000022.590,000044.509,00001001.0,000105.977,00000,00000,2
0103,000022.819,000043.539,00001001.0,000105.977,00000,00000,3
0102,000022.610,000044.569,00001001.0,000105.977,00000,00000,2
0103,000022.739,000043.787,00001001.0,000105.977,00000,00000,3
0102,000022.590,000044.647,00001001.0,000105.977,00000,00000,2
0103,000022.760,000043.835,00001001.0,000105.977,00000,00000,3
0102,000022.530,000044.826,00001001.0,000105.977,00000,00000,2
0103,000022.649,000044.136,00001001.0,000105.977,00000,00000,3
0102,000022.479,0000045.40,00001001.0,000105.977,00000,00000,2
0103,000022.639,000044.194,00001001.0,000105.977,00000,00000,3
0102,000022.559,000044.979,00001001.0,000105.977,00000,00000,2
0103,000022.709,000044.143,00001001.0,000105.977,00000,00000,3
0102,000022.569,000045.313,00001001.0,000105.977,00000,00000,2
0103,000022.870,0000044.66,00001001.0,000105.977,00000,00000,3
0102,000022.770,000045.403,00001001.0,000105.977,00000,00000,2
0103,000022.860,000044.737,00001001.0,000105.977,00000,00000,3
0102,000022.760,0000046.24,00001001.0,000105.977,00000,00000,2
0103,000022.899,000045.112,00001001.0,000105.977,00000,00000,3
0102,000022.920,000045.718,00001001.0,000105.977,00000,00000,2
0103,000022.950,000045.163,00001001.0,000105.977,00000,00000,3
0102,000022.920,0000046.29,00001001.0,000105.977,00000,00000,2
0103,0000023.10,000045.228,00001001.0,000105.977,00000,00000,3
0102,000022.940,000046.112,00001001.0,000105.977,00000,00000,2
0103,000023.129,000045.159,00001001.0,000105.977,00000,00000,3
0102,00000023.0,000046.383,00001001.0,000105.977,00000,00000,2
0103,000023.120,000045.622,00001001.0,000105.977,00000,00000,3
0102,0000023.40,000046.778,00001001.0,000105.977,00000,00000,2
0103,000023.250,000045.796,00001001.0,000105.977,00000,00000,3
0102,0000023.90,000047.567,00001001.0,000105.977,00000,00000,2
0103,000023.340,000046.502,00001001.0,000105.977,00000,00000,3
0102,0000023.59,000047.979,00001001.0,000105.977,00000,00000,2
0103,000023.399,000046.646,00001001.0,000105.977,00000,00000,3
0102,000023.190,000047.855,00001001.0,000105.977,00000,00000,2
0103,000023.479,000046.666,00001001.0,000105.977,00000,00000,3
0102,000023.239,0000048.55,00001001.0,000105.977,00000,00000,2
0103,000023.540,000046.732,00001002.0,000097.287,00000,00000,3
0102,000023.250,000048.207,00001001.0,000105.977,00000,00000,2
0103,000023.520,000046.984,00001001.0,000105.977,00000,00000,3
0102,000023.350,000048.414,00001001.0,000105.977,00000,00000,2
0103,000023.670,0000047.69,00001001.0,000105.977,00000,00000,3
0102,000023.290,000048.741,00001001.0,000105.977,00000,00000,2
0103,000023.649,000047.391,00001001.0,000105.977,00000,00000,3
0102,000023.299,000048.766,00001001.0,000105.977,00000,00000,2
0103,000023.600,000047.561,00001001.0,000105.977,00000,00000,3
0102,000023.299,000048.845,00001001.0,000105.977,00000,00000,2
0103,000023.620,000047.540,00001001.0,000105.977,00000,00000,3
0102,000023.329,000048.873,00001000.0,000114.675,00000,00000,2
0103,000023.610,000047.632,00001001.0,000105.977,00000,00000,3
0102,000023.450,000048.691,00001000.0,000114.675,00000,00000,2
0103,000023.690,000047.500,00001000.0,000114.675,00000,00000,3
0102,000023.540,000048.365,00001000.0,000114.675,00000,00000,2
0103,000023.790,000047.233,00001000.0,000114.675,00000,00000,3
0102,000023.299,000048.605,00001000.0,000114.675,00000,00000,2
0103,000023.719,0000047.97,00001000.0,000114.675,00000,00000,3
0102,000023.420,000048.191,00001000.0,000114.675,00000,00000,2
0103,000023.770,000046.697,00001000.0,000114.675,00000,00000,3
0102,000023.329,000048.100,00001000.0,000114.675,00000,00000,2
0103,000023.770,000046.337,00001000.0,000114.675,00000,00000,3
0102,000023.309,000048.328,00001000.0,000114.675,00000,00000,2
0103,000023.750,000046.649,00001000.0,000114.675,00000,00000,3
0102,000023.440,000048.123,00001000.0,000114.675,00000,00000,2
0103,000023.930,000046.260,00001000.0,000114.675,00000,00000,3
0102,000023.530,000048.294,00001000.0,000114.675,00000,00000,2
0103,000023.860,000046.846,00001000.0,000114.675,00000,00000,3
0102,000023.579,000048.173,00000999.0,000123.381,00000,00000,2
0103,000023.940,000046.714,00001000.0,000114.675,00000,00000,3
0102,000023.639,000048.157,00000999.0,000123.381,00000,00000,2
0103,0000024.59,000046.564,00000999.0,000123.381,00000,00000,3
0102,000023.870,0000048.19,00000999.0,000123.381,00000,00000,2
0103,000024.239,000046.618,00000999.0,000123.381,00000,00000,3
0102,000023.969,0000048.41,00000999.0,000123.381,00000,00000,2
0103,000024.350,000046.573,00000999.0,000123.381,00000,00000,3
0102,000023.979,000047.904,00000999.0,000123.381,00000,00000,2
0103,000024.319,000046.534,00000999.0,000123.381,00000,00000,3
0102,000023.979,000048.193,00000999.0,000123.381,00000,00000,2
0103,000024.340,000046.721,00000999.0,000123.381,00000,00000,3
0102,0000024.90,000047.777,00001000.0,000114.675,00000,00000,2
0103,000024.360,000046.526,00001000.0,000114.675,00000,00000,3
0102,0000024.20,000047.712,00001000.0,000114.675,00000,00000,2
0103,000024.309,000046.497,00001000.0,000114.675,00000,00000,3
0102,0000024.59,000047.659,00001000.0,000114.675,00000,00000,2
0103,000024.360,000046.398,00001000.0,000114.675,00000,00000,3
0102,0000024.79,000047.534,00000999.0,000123.381,00000,00000,2
0103,000024.479,0000046.40,00000999.0,000123.381,00000,00000,3
0102,0000024.79,000047.672,00000999.0,000123.381,00000,00000,2
0103,000024.520,0000046.30,00000999.0,000123.381,00000,00000,3
0102,0000024.69,000047.764,00000999.0,000123.381,00000,00000,2
0103,000024.420,000046.416,00000999.0,000123.381,00000,00000,3
0102,000024.120,000047.701,00000999.0,000123.381,00000,00000,2
0103,000024.420,000046.543,00000999.0,000123.381,00000,00000,3
0102,000024.200,000047.454,00000999.0,000123.381,00000,00000,2
0103,000024.489,000046.237,00000999.0,000123.381,00000,00000,3
0102,000024.159,000047.668,00000999.0,000123.381,00000,00000,2
0103,000024.469,000046.363,00000999.0,000123.381,00000,00000,3
0102,000024.110,000047.733,00000998.0,0000132.93,00000,00000,2
0103,000024.350,000046.665,00000998.0,0000132.93,00000,00000,3
0102,000023.979,0000048.78,00000998.0,0000132.93,00000,00000,2
0103,000024.299,000046.764,00000998.0,0000132.93,00000,00000,3
0102,000024.209,000047.409,00000998.0,0000132.93,00000,00000,2
0103,000024.280,000046.761,00000998.0,0000132.93,00000,00000,3
0102,000024.229,000047.168,00000998.0,0000132.93,00000,00000,2
0103,000024.239,000046.641,00000998.0,0000132.93,00000,00000,3
0102,000024.219,000047.225,00000998.0,0000132.93,00000,00000,2
0103,000024.280,000046.552,00000998.0,0000132.93,00000,00000,3
0102,0000024.20,000047.850,00000998.0,0000132.93,00000,00000,2
0103,000024.280,000046.726,00000998.0,0000132.93,00000,00000,3
0102,000024.159,000047.461,00000999.0,000123.381,00000,00000,2
0103,000024.239,000046.723,00000999.0,000123.381,00000,00000,3
0102,000023.889,000048.172,00000999.0,000123.381,00000,00000,2
0103,000024.219,000046.871,00000999.0,000123.381,00000,00000,3
0102,000023.799,000048.774,00000999.0,000123.381,00000,00000,2
0103,000024.110,000047.557,00000999.0,000123.381,00000,00000,3
0102,000023.709,000049.745,00000999.0,000123.381,00000,00000,2
0103,0000024.40,000048.537,00000999.0,000123.381,00000,00000,3
0102,000023.639,000050.416,00000999.0,000123.381,00000,00000,2
0103,0000024.79,000048.760,00000999.0,000123.381,00000,00000,3
0102,000023.709,000050.458,00000999.0,000123.381,00000,00000,2
0103,000024.100,00000049.6,00000999.0,000123.381,00000,00000,3
0102,000023.739,000050.785,00000999.0,000123.381,00000,00000,2
0103,000024.229,000048.893,00000999.0,000123.381,00000,00000,3
0102,000023.700,000051.276,00000998.0,0000132.93,00000,00000,2
0103,000024.170,000049.465,00000998.0,0000132.93,00000,00000,3
0102,000023.809,000051.357,00000998.0,0000132.93,00000,00000,2
0103,000024.329,000049.206,00000998.0,0000132.93,00000,00000,3
0102,0000024.59,00000051.4,00000999.0,000123.381,00000,00000,2
0103,000024.430,000049.518,00000999.0,000123.381,00000,00000,3
0102,000024.159,000051.120,00000998.0,0000132.93,00000,00000,2
0103,000024.420,000049.773,00000999.0,000123.381,00000,00000,3
0102,000024.219,000051.324,00000998.0,0000132.93,00000,00000,2
0103,000024.540,000049.913,00000999.0,000123.381,00000,00000,3
0102,000024.319,000051.359,00000999.0,000123.381,00000,00000,2
0103,000024.569,000050.116,00000999.0,000123.381,00000,00000,3
0102,000024.469,000051.537,00000999.0,000123.381,00000,00000,2
0103,000024.770,000050.195,00000999.0,000123.381,00000,00000,3
0102,000024.420,00000052.4,00000999.0,000123.381,00000,00000,2
0103,000024.799,000050.478,00000999.0,000123.381,00000,00000,3
0102,000024.200,000052.510,00000999.0,000123.381,00000,00000,2
0103,000024.700,000050.687,00000999.0,000123.381,00000,00000,3
0102,000024.530,000051.982,00000999.0,000123.381,00000,00000,2
0103,000024.950,000050.320,00000999.0,000123.381,00000,00000,3
0102,000024.670,0000052.10,00000999.0,000123.381,00000,00000,2
0103,0000025.69,000050.472,00000999.0,000123.381,00000,00000,3
0102,000024.790,0000052.46,00000999.0,000123.381,00000,00000,2
0103,000025.229,000050.339,00000999.0,000123.381,00000,00000,3
0102,000024.979,000051.746,00000999.0,000123.381,00000,00000,2
0103,000025.430,000049.989,00000999.0,000123.381,00000,00000,3
0102,0000025.30,000051.832,00000999.0,000123.381,00000,00000,2
0103,000025.420,000050.337,00000999.0,000123.381,00000,00000,3
0102,0000025.69,000051.410,00000999.0,000123.381,00000,00000,2
0103,000025.360,0000050.98,00000999.0,000123.381,00000,00000,3
0102,000025.129,000051.716,00000999.0,000123.381,00000,00000,2
0103,000025.469,000050.260,00000999.0,000123.381,00000,00000,3
0102,000025.120,000051.888,00000999.0,000123.381,00000,00000,2
0103,000025.479,000050.483,00000999.0,000123.381,00000,00000,3
0102,000025.200,000051.678,00000999.0,000123.381,00000,00000,2
0103,000025.520,000050.360,00000999.0,000123.381,00000,00000,3
0102,000024.950,000052.494,00000999.0,000123.381,00000,00000,2
0103,000025.260,000050.890,00000999.0,000123.381,00000,00000,3
0102,000024.870,000052.611,00000998.0,0000132.93,00000,00000,2
0103,000025.180,000051.404,00000999.0,000123.381,00000,00000,3
0102,000024.840,000052.666,00000998.0,0000132.93,00000,00000,2
0103,000025.129,000051.211,00000999.0,000123.381,00000,00000,3
0102,000024.870,000052.426,00000999.0,000123.381,00000,00000,2
0103,000025.209,000050.989,00000999.0,000123.381,00000,00000,3
0102,000024.780,000052.877,00000999.0,000123.381,00000,00000,2
0103,000025.100,000051.381,00000999.0,000123.381,00000,00000,3
0102,000024.709,0000053.42,00000999.0,000123.381,00000,00000,2
0103,0000025.59,000051.645,00000999.0,000123.381,00000,00000,3
0102,000024.659,0000054.18,00000999.0,000123.381,00000,00000,2
0103,000025.110,000052.348,00000999.0,000123.381,00000,00000,3
0102,000024.690,000054.161,00000999.0,000123.381,00000,00000,2
0103,000025.209,000052.163,00000999.0,000123.381,00000,00000,3
0102,000024.860,000053.453,00000999.0,000123.381,00000,00000,2
0103,000025.450,000051.224,00000999.0,000123.381,00000,00000,3
0102,000024.920,000053.505,00000999.0,000123.381,00000,00000,2
0103,000025.270,000051.657,00000999.0,000123.381,00000,00000,3
0102,000024.700,000054.139,00000999.0,000123.381,00000,00000,2
0103,000025.250,000052.213,00000999.0,000123.381,00000,00000,3
0102,0000025.59,000053.592,00000999.0,000123.381,00000,00000,2
0103,000025.389,0000052.67,00000999.0,000123.381,00000,00000,3
0102,000025.200,000052.788,00000999.0,000123.381,00000,00000,2
0103,000025.590,000051.125,00000999.0,000123.381,00000,00000,3
0102,000025.200,000052.615,00000999.0,000123.381,00000,00000,2
0103,000025.540,0000051.37,00000999.0,000123.381,00000,00000,3
0102,000025.309,000051.829,00000999.0,000123.381,00000,00000,2
0103,000025.459,000050.900,00000999.0,000123.381,00000,00000,3
0102,000025.229,000051.833,00000999.0,000123.381,00000,00000,2
0103,000025.520,000050.535,00000999.0,000123.381,00000,00000,3
0102,0000025.69,000052.125,00000999.0,000123.381,00000,00000,2
0103,000025.389,000050.787,00000999.0,000123.381,00000,00000,3
0102,0000025.59,000052.135,00000999.0,000123.381,00000,00000,2
0103,000025.450,000050.561,00000999.0,000123.381,00000,00000,3
0102,000025.110,000051.818,00000999.0,000123.381,00000,00000,2
0103,000025.340,000050.666,00000999.0,000123.381,00000,00000,3
0102,000024.950,00000052.8,00000999.0,000123.381,00000,00000,2
0103,000025.190,000050.952,00000999.0,000123.381,00000,00000,3
0102,000024.850,000052.159,00000999.0,000123.381,00000,00000,2
0103,000025.110,0000051.70,00000999.0,000123.381,00000,00000,3
0102,000024.790,000052.266,00000999.0,000123.381,00000,00000,2
0103,000024.969,000051.333,00001000.0,000114.675,00000,00000,3
0102,000024.760,000052.217,00001000.0,000114.675,00000,00000,2
0103,000024.899,000051.441,00001000.0,000114.675,00000,00000,3
0102,000024.690,000052.255,00001000.0,000114.675,00000,00000,2
0103,000024.829,000051.410,00001000.0,000114.675,00000,00000,3
0102,000024.590,000052.313,00001000.0,000114.675,00000,00000,2
0103,000024.840,000051.260,00001000.0,000114.675,00000,00000,3
0102,000024.389,000052.843,00001000.0,000114.675,00000,00000,2
0103,000024.670,000051.635,00001000.0,000114.675,00000,00000,3
0102,000024.459,000052.529,00001000.0,000114.675,00000,00000,2
0103,000024.700,000051.453,00001000.0,000114.675,00000,00000,3
0102,000024.379,000052.658,00001000.0,000114.675,00000,00000,2
0103,000024.590,000051.672,00001000.0,000114.675,00000,00000,3
0102,000024.389,000052.543,00001000.0,000114.675,00000,00000,2
0103,000024.540,000051.678,00001000.0,000114.675,00000,00000,3
0102,000024.219,000052.743,00001001.0,000105.977,00000,00000,2
0103,000024.440,000051.784,00001001.0,000105.977,00000,00000,3
0102,000024.159,000052.793,00001000.0,000114.675,00000,00000,2
0103,000024.409,000051.768,00001001.0,000105.977,00000,00000,3
0102,000024.280,000052.507,00001001.0,000105.977,00000,00000,2
0103,000024.450,000051.575,00001001.0,000105.977,00000,00000,3
0102,000024.239,000052.421,00001001.0,000105.977,00000,00000,2
0103,000024.430,000051.549,00001001.0,000105.977,00000,00000,3
0102,000024.180,000052.634,00001001.0,000105.977,00000,00000,2
0103,000024.409,000051.571,00001001.0,000105.977,00000,00000,3
0102,0000024.79,000052.819,00001001.0,000105.977,00000,00000,2
0103,000024.350,000051.681,00001001.0,000105.977,00000,00000,3
0102,000024.129,000052.618,00001001.0,000105.977,00000,00000,2
0103,000024.280,000051.765,00001001.0,000105.977,00000,00000,3
0102,0000024.69,000052.737,00001001.0,000105.977,00000,00000,2
0103,000024.270,000051.787,00001001.0,000105.977,00000,00000,3
0102,000024.110,000052.534,00001001.0,000105.977,00000,00000,2
0103,000024.299,000051.628,00001001.0,000105.977,00000,00000,3
0102,000023.979,000052.887,00001001.0,000105.977,00000,00000,2
0103,000024.250,000051.715,00001001.0,000105.977,00000,00000,3
0102,000023.959,000052.793,00001001.0,000105.977,00000,00000,2
0103,000024.209,000051.745,00001001.0,000105.977,00000,00000,3
0102,000023.979,000052.738,00001001.0,000105.977,00000,00000,2
0103,000024.190,000051.731,00001001.0,000105.977,00000,00000,3
0102,000023.920,000052.835,00001001.0,000105.977,00000,00000,2
0103,000024.139,000051.807,00001001.0,000105.977,00000,00000,3
0102,000023.909,000052.879,00001001.0,000105.977,00000,00000,2
0103,000024.120,000051.850,00001001.0,000105.977,00000,00000,3
0102,000023.920,000052.708,00001001.0,000105.977,00000,00000,2
0103,000024.110,000051.769,00001001.0,000105.977,00000,00000,3
0102,000023.899,000052.774,00001001.0,000105.977,00000,00000,2
0103,0000024.59,000051.877,00001001.0,000105.977,00000,00000,3
0102,000023.940,000052.595,00001001.0,000105.977,00000,00000,2
0103,000024.159,000051.668,00001001.0,000105.977,00000,00000,3
0102,000023.899,000052.636,00001001.0,000105.977,00000,00000,2
0103,000024.139,000051.622,00001001.0,000105.977,00000,00000,3
0102,000023.950,000052.585,00001001.0,000105.977,00000,00000,2
0103,0000024.49,000051.843,00001001.0,000105.977,00000,00000,3
0102,000023.840,000052.836,00001001.0,000105.977,00000,00000,2
0103,0000024.20,000051.851,00001002.0,000097.287,00000,00000,3
0102,000023.850,000052.815,00001002.0,000097.287,00000,00000,2
0103,0000024.79,000051.789,00001002.0,000097.287,00000,00000,3
0102,000023.889,000052.624,00001001.0,000105.977,00000,00000,2
0103,0000024.20,000051.862,00001002.0,000097.287,00000,00000,3
0102,000023.850,000052.688,00001001.0,000105.977,00000,00000,2
0103,0000024.40,000051.725,00001001.0,000105.977,00000,00000,3
0102,000023.829,000052.732,00001002.0,000097.287,00000,00000,2
0103,0000024.20,000051.747,00001002.0,000097.287,00000,00000,3
0102,000023.809,000052.683,00001002.0,000097.287,00000,00000,2
0103,000023.989,000051.847,00001002.0,000097.287,00000,00000,3
0102,000023.860,000052.516,00001002.0,000097.287,00000,00000,2
0103,00000024.0,000051.698,00001002.0,000097.287,00000,00000,3
0102,000023.780,000052.737,00001002.0,000097.287,00000,00000,2
0103,000023.930,000051.944,00001002.0,000097.287,00000,00000,3
0102,000023.760,000052.747,00001002.0,000097.287,00000,00000,2
0103,000023.989,000051.697,00001002.0,000097.287,00000,00000,3
0102,000023.709,000052.809,00001002.0,000097.287,00000,00000,2
0103,0000024.49,000051.506,00001002.0,000097.287,00000,00000,3
0102,000023.700,000052.867,00001002.0,000097.287,00000,00000,2
0103,000023.930,000051.805,00001002.0,000097.287,00000,00000,3
0102,000023.729,000052.766,00001002.0,000097.287,00000,00000,2
0103,000023.959,000051.705,00001002.0,000097.287,00000,00000,3
0102,000023.690,000052.865,00001002.0,000097.287,00000,00000,2
0103,000023.969,000051.705,00001002.0,000097.287,00000,00000,3
0102,000023.709,000052.809,00001002.0,000097.287,00000,00000,2
0103,00000024.0,000051.640,00001002.0,000097.287,00000,00000,3
0102,000023.760,000052.770,00001002.0,000097.287,00000,00000,2
0103,000023.950,000051.784,00001002.0,000097.287,00000,00000,3
0102,000023.739,000052.767,00001002.0,000097.287,00000,00000,2
0103,000023.979,000051.742,00001002.0,000097.287,00000,00000,3
0102,000023.709,000052.936,00001002.0,000097.287,00000,00000,2
0103,00000024.0,000051.709,00001002.0,000097.287,00000,00000,3
0102,000023.809,000052.694,00001002.0,000097.287,00000,00000,2
0103,0000024.20,000051.665,00001002.0,000097.287,00000,00000,3
0102,000023.829,000052.651,00001002.0,000097.287,00000,00000,2
0103,0000024.49,000051.634,00001002.0,000097.287,00000,00000,3
0102,000023.610,000053.258,00001002.0,000097.287,00000,00000,2
0103,000023.959,000051.913,00001002.0,000097.287,00000,00000,3
0102,000023.739,000052.998,00001002.0,000097.287,00000,00000,2
0103,000023.969,000051.937,00001002.0,000097.287,00000,00000,3
0102,000023.680,0000053.71,00001002.0,000097.287,00000,00000,2
0103,000023.989,000051.882,00001002.0,000097.287,00000,00000,3
0102,000023.709,0000053.74,00001002.0,000097.287,00000,00000,2
0103,000023.920,0000052.94,00001002.0,000097.287,00000,00000,3
0102,000023.750,000052.964,00001002.0,000097.287,00000,00000,2
0103,000023.969,000051.950,00001002.0,000097.287,00000,00000,3
0102,000023.659,000053.161,00001002.0,000097.287,00000,00000,2
0103,000023.899,000052.115,00001002.0,000097.287,00000,00000,3
0102,000023.649,000053.196,00001002.0,000097.287,00000,00000,2
0103,000023.950,0000052.28,00001002.0,000097.287,00000,00000,3
0102,000023.629,000053.319,00001002.0,000097.287,00000,00000,2
0103,000023.809,000052.394,00001002.0,000097.287,00000,00000,3
0102,000023.629,000053.400,00001002.0,000097.287,00000,00000,2
0103,000023.850,000052.341,00001002.0,000097.287,00000,00000,3
0102,000023.610,000053.396,00001002.0,000097.287,00000,00000,2
0103,000023.860,000052.295,00001002.0,000097.287,00000,00000,3
0102,000023.629,000053.342,00001002.0,000097.287,00000,00000,2
0103,000023.819,000052.384,00001003.0,000088.606,00000,00000,3
0102,000023.590,000053.429,00001003.0,000088.606,00000,00000,2
0103,000023.799,000052.474,00001003.0,000088.606,00000,00000,3
0102,000023.670,000053.290,00001002.0,000097.287,00000,00000,2
0103,000023.799,000052.509,00001002.0,000097.287,00000,00000,3
0103,000023.850,000052.341,00001002.0,000097.287,00000,00000,3
0102,000023.649,000053.333,00001002.0,000097.287,00000,00000,2
0103,000023.870,000052.286,00001002.0,000097.287,00000,00000,3
0102,000023.690,000053.153,00001002.0,000097.287,00000,00000,2
0103,000023.790,000052.438,00001002.0,000097.287,00000,00000,3
0102,000023.510,000053.661,00001002.0,000097.287,00000,00000,2
0103,000023.860,000052.366,00001002.0,000097.287,00000,00000,3
0102,000023.579,000053.542,00001003.0,000088.606,00000,00000,2
0103,000023.790,000052.508,00001003.0,000088.606,00000,00000,3
0102,000023.530,000053.653,00001002.0,000097.287,00000,00000,2
0103,000023.739,000052.652,00001003.0,000088.606,00000,00000,3
0102,000023.590,000053.463,00001002.0,000097.287,00000,00000,2
0103,000023.750,000052.596,00001002.0,000097.287,00000,00000,3
0102,000023.620,000053.317,00001002.0,000097.287,00000,00000,2
0103,000023.750,000052.584,00001002.0,000097.287,00000,00000,3
0102,000023.600,000053.430,00001002.0,000097.287,00000,00000,2
0103,000023.760,000052.563,00001002.0,000097.287,00000,00000,3
0102,000023.530,000053.572,00001002.0,000097.287,00000,00000,2
0103,000023.819,000052.338,00001002.0,000097.287,00000,00000,3
0102,000023.520,000053.709,00001002.0,000097.287,00000,00000,2
0103,000023.829,000052.386,00001003.0,000088.606,00000,00000,3
0102,000023.510,000053.707,00001003.0,000088.606,00000,00000,2
0103,000023.690,000052.751,00001003.0,000088.606,00000,00000,3
0102,000023.620,000053.375,00001003.0,000088.606,00000,00000,2
0103,000023.770,000052.598,00001003.0,000088.606,00000,00000,3
0102,000023.549,000053.609,00001003.0,000088.606,00000,00000,2
0103,000023.700,000052.798,00001003.0,000088.606,00000,00000,3
0102,000023.540,000053.629,00001003.0,000088.606,00000,00000,2
0103,000023.739,000052.653,00001003.0,000088.606,00000,00000,3
0102,000023.569,000053.553,00001003.0,000088.606,00000,00000,2
0103,000023.729,000052.674,00001003.0,000088.606,00000,00000,3
0102,000023.559,000053.598,00001002.0,000097.287,00000,00000,2
0103,000023.760,000052.584,00001002.0,000097.287,00000,00000,3
0102,000023.510,000053.672,00001002.0,000097.287,00000,00000,2
0103,000023.690,000052.716,00001002.0,000097.287,00000,00000,3
0102,000023.510,000053.707,00001002.0,000097.287,00000,00000,2
0103,000023.860,000052.342,00001002.0,000097.287,00000,00000,3
0102,000023.579,000053.520,00001002.0,000097.287,00000,00000,2
0103,000023.780,000052.587,00001002.0,000097.287,00000,00000,3
0102,000023.469,000053.806,00001002.0,000097.287,00000,00000,2
0103,000023.700,000052.741,00001002.0,000097.287,00000,00000,3
0102,000023.430,000053.848,00001003.0,000088.606,00000,00000,2
0103,000023.719,000052.686,00001003.0,000088.606,00000,00000,3
0102,000023.469,000053.782,00001003.0,000088.606,00000,00000,2
0103,000023.690,000052.750,00001003.0,000088.606,00000,00000,3
0102,000023.430,000053.859,00001003.0,000088.606,00000,00000,2
0103,000023.709,000052.718,00001003.0,000088.606,00000,00000,3
0102,000023.549,000053.597,00001003.0,000088.606,00000,00000,2
0103,000023.680,000052.773,00001003.0,000088.606,00000,00000,3
0102,000023.500,000053.696,00001003.0,000088.606,00000,00000,2
0103,000023.770,000052.564,00001003.0,000088.606,00000,00000,3
0102,000023.500,000053.751,00001003.0,000088.606,00000,00000,2
0103,000023.760,000052.655,00001003.0,000088.606,00000,00000,3
0102,000023.540,000053.562,00001002.0,000097.287,00000,00000,2
0103,000023.780,000052.518,00001003.0,000088.606,00000,00000,3
0102,000023.530,000053.583,00001003.0,000088.606,00000,00000,2
0103,000023.739,000052.583,00001003.0,000088.606,00000,00000,3
0102,000023.500,000053.626,00001003.0,000088.606,00000,00000,2
0103,000023.700,000052.706,00001003.0,000088.606,00000,00000,3
0102,000023.489,000053.682,00001003.0,000088.606,00000,00000,2
0103,000023.690,000052.693,00001003.0,000088.606,00000,00000,3
0102,000023.450,000053.747,00001003.0,000088.606,00000,00000,2
0103,000023.719,000052.582,00001003.0,000088.606,00000,00000,3
0102,000023.440,000053.698,00001003.0,000088.606,00000,00000,2
0103,000023.629,000052.801,00001003.0,000088.606,00000,00000,3
0102,000023.469,000053.599,00001003.0,000088.606,00000,00000,2
0103,000023.649,000052.711,00001003.0,000088.606,00000,00000,3
0102,000023.520,000053.513,00001003.0,000088.606,00000,00000,2
0103,000023.719,000052.512,00001003.0,000088.606,00000,00000,3
0102,000023.559,000053.345,00001003.0,000088.606,00000,00000,2
0103,000023.620,000052.812,00001003.0,000088.606,00000,00000,3
0102,000023.510,000053.430,00001003.0,000088.606,00000,00000,2
0103,000023.649,000052.630,00001003.0,000088.606,00000,00000,3
0102,000023.440,000053.584,00001003.0,000088.606,00000,00000,2
0103,000023.649,000052.583,00001003.0,000088.606,00000,00000,3
0102,000023.450,000053.541,00001003.0,000088.606,00000,00000,2
0103,000023.639,000052.607,00001003.0,000088.606,00000,00000,3
0102,000023.479,000053.485,00001003.0,000088.606,00000,00000,2
0103,000023.579,000052.750,00001003.0,000088.606,00000,00000,3
0102,000023.469,000053.484,00001003.0,000088.606,00000,00000,2
0103,000023.659,000052.597,00001003.0,000088.606,00000,00000,3
0102,000023.420,000053.616,00001003.0,000088.606,00000,00000,2
0103,000023.620,000052.673,00001003.0,000088.606,00000,00000,3
0102,000023.420,000053.617,00001003.0,000088.606,00000,00000,2
0103,000023.639,000052.583,00001003.0,000088.606,00000,00000,3
0102,000023.360,000053.758,00001003.0,000088.606,00000,00000,2
0103,000023.620,000052.686,00001003.0,000088.606,00000,00000,3
0102,000023.389,000053.751,00001003.0,000088.606,00000,00000,2
0103,000023.600,000052.752,00001003.0,000088.606,00000,00000,3
0102,000023.450,000053.621,00001003.0,000088.606,00000,00000,2
0103,000023.639,000052.665,00001003.0,000088.606,00000,00000,3
0102,000023.350,000053.918,00001003.0,000088.606,00000,00000,2
0103,000023.590,000052.878,00001003.0,000088.606,00000,00000,3
0102,000023.450,000053.702,00001003.0,000088.606,00000,00000,2
0103,000023.600,000052.856,00001003.0,000088.606,00000,00000,3
0102,000023.500,000053.602,00001003.0,000088.606,00000,00000,2
0103,000023.649,000052.815,00001003.0,000088.606,00000,00000,3
0102,000023.440,000053.837,00001003.0,000088.606,00000,00000,2
0103,000023.670,000052.784,00001003.0,000088.606,00000,00000,3
0102,000023.420,000053.857,00001003.0,000088.606,00000,00000,2
0103,000023.569,0000053.39,00001003.0,000088.606,00000,00000,3
0102,000023.489,000053.728,00001003.0,000088.606,00000,00000,2
0103,000023.629,000052.872,00001003.0,000088.606,00000,00000,3
0102,000023.379,00000054.2,00001003.0,000088.606,00000,00000,2
0103,000023.659,000052.875,00001003.0,000088.606,00000,00000,3
0102,000023.379,000053.992,00001003.0,000088.606,00000,00000,2
0103,000023.680,000052.796,00001003.0,000088.606,00000,00000,3
0102,000023.409,000053.903,00001003.0,000088.606,00000,00000,2
0103,000023.600,000052.996,00001004.0,000079.927,00000,00000,3
0102,000023.299,000054.246,00001003.0,000088.606,00000,00000,2
0103,000023.620,0000053.20,00001004.0,000079.927,00000,00000,3
0102,000023.340,000054.193,00001003.0,000088.606,00000,00000,2
0103,000023.579,000053.108,00001003.0,000088.606,00000,00000,3
0102,000023.389,0000054.73,00001003.0,000088.606,00000,00000,2
0103,000023.569,000053.201,00001004.0,000079.927,00000,00000,3
0102,000023.389,0000054.62,00001003.0,000088.606,00000,00000,2
0103,000023.590,000053.123,00001004.0,000079.927,00000,00000,3
0102,000023.360,000054.116,00001004.0,000079.927,00000,00000,2
0103,000023.569,000053.212,00001004.0,000079.927,00000,00000,3
0102,000023.440,000053.953,00001003.0,000088.606,00000,00000,2
0103,000023.520,000053.391,00001004.0,000079.927,00000,00000,3
0102,000023.360,000054.162,00001004.0,000079.927,00000,00000,2
0103,000023.639,0000053.11,00001004.0,000079.927,00000,00000,3
0102,000023.440,000053.929,00001004.0,000079.927,00000,00000,2
0103,000023.750,000052.689,00001004.0,000079.927,00000,00000,3
0102,000023.559,0000054.59,00001004.0,000079.927,00000,00000,2
0103,000023.799,000052.996,00001004.0,000079.927,00000,00000,3
0102,000023.420,000054.386,00001004.0,000079.927,00000,00000,2
0103,000023.680,000053.224,00001004.0,000079.927,00000,00000,3
0102,000023.489,000054.234,00001004.0,000079.927,00000,00000,2
0103,000023.700,000053.308,00001004.0,000079.927,00000,00000,3
0102,000023.559,000053.990,00001004.0,000079.927,00000,00000,2
0103,000023.719,000053.196,00001004.0,000079.927,00000,00000,3
0102,000023.540,000053.929,00001004.0,000079.927,00000,00000,2
0103,000023.780,000052.947,00001004.0,000079.927,00000,00000,3
0102,000023.510,000053.983,00001004.0,000079.927,00000,00000,2
0103,000023.930,000052.431,00001004.0,000079.927,00000,00000,3
0102,000023.500,000053.971,00001004.0,000079.927,00000,00000,2
0103,000023.760,000052.945,00001004.0,000079.927,00000,00000,3
0102,000023.500,000053.879,00001004.0,000079.927,00000,00000,2
0103,000023.799,000052.706,00001004.0,000079.927,00000,00000,3
0102,000023.559,000053.725,00001004.0,000079.927,00000,00000,2
0103,000023.809,000052.638,00001004.0,000079.927,00000,00000,3
0102,000023.649,000053.369,00001004.0,000079.927,00000,00000,2
0103,000023.870,000052.415,00001004.0,000079.927,00000,00000,3
0102,000023.739,000053.169,00001004.0,000079.927,00000,00000,2
0103,00000024.0,0000052.22,00001004.0,000079.927,00000,00000,3
0102,000023.739,000053.112,00001004.0,000079.927,00000,00000,2
0103,000023.920,000052.198,00001004.0,000079.927,00000,00000,3
0102,000023.729,000053.250,00001004.0,000079.927,00000,00000,2
0103,000023.909,000052.393,00001004.0,000079.927,00000,00000,3
0102,000023.750,000053.274,00001004.0,000079.927,00000,00000,2
0103,000023.969,000052.331,00001004.0,000079.927,00000,00000,3
0102,000023.700,000053.914,00001004.0,000079.927,00000,00000,2
0103,000024.120,000052.302,00001005.0,000071.259,00000,00000,3
0102,000023.940,000053.712,00001004.0,000079.927,00000,00000,2
0103,000024.209,000052.556,00001005.0,000071.259,00000,00000,3
0102,000023.899,000054.124,00001004.0,000079.927,00000,00000,2
0103,000024.290,000052.508,00001004.0,000079.927,00000,00000,3
0102,000023.909,000054.503,00001005.0,000071.259,00000,00000,2
0103,000024.309,000052.846,00001005.0,000071.259,00000,00000,3
0102,0000024.10,000054.159,00001004.0,000079.927,00000,00000,2
0103,000024.379,000052.623,00001005.0,000071.259,00000,00000,3
0102,0000024.49,0000054.83,00001004.0,000079.927,00000,00000,2
0103,000024.520,000052.327,00001005.0,000071.259,00000,00000,3
0102,000023.899,000054.502,00001005.0,000071.259,00000,00000,2
0103,000024.399,000052.707,00001005.0,000071.259,00000,00000,3
0102,000023.799,000054.859,00001005.0,000071.259,00000,00000,2
0103,000024.239,000053.128,00001005.0,000071.259,00000,00000,3
0102,000023.760,000054.947,00001005.0,000071.259,00000,00000,2
0103,000024.260,0000053.15,00001005.0,000071.259,00000,00000,3
0102,000023.760,000054.947,00001005.0,000071.259,00000,00000,2
0103,000024.209,000053.194,00001005.0,000071.259,00000,00000,3
0102,000023.879,000054.443,00001005.0,000071.259,00000,00000,2
0103,000024.260,000052.794,00001005.0,000071.259,00000,00000,3
0102,000023.909,000054.320,00001005.0,000071.259,00000,00000,2
0103,000024.329,000052.722,00001005.0,000071.259,00000,00000,3
0102,000023.819,000054.527,00001005.0,000071.259,00000,00000,2
0103,000024.200,000052.939,00001005.0,000071.259,00000,00000,3
0102,000023.739,000054.920,00001004.0,000079.927,00000,00000,2
0103,000024.170,000053.258,00001005.0,000071.259,00000,00000,3
0102,000023.729,000054.678,00001004.0,000079.927,00000,00000,2
0103,000024.139,000053.128,00001004.0,000079.927,00000,00000,3
0102,000023.750,000054.611,00001004.0,000079.927,00000,00000,2
0103,000024.139,000053.118,00001005.0,000071.259,00000,00000,3
0102,000023.750,000054.669,00001004.0,000079.927,00000,00000,2
0103,000024.149,000053.107,00001005.0,000071.259,00000,00000,3
0102,000023.829,000054.379,00001005.0,000071.259,00000,00000,2
0103,000024.229,000052.699,00001005.0,000071.259,00000,00000,3
0102,000023.909,000054.136,00001004.0,000079.927,00000,00000,2
0103,000024.379,000052.287,00001004.0,000079.927,00000,00000,3
0102,000023.870,000054.303,00001004.0,000079.927,00000,00000,2
0103,000024.329,000052.583,00001004.0,000079.927,00000,00000,3
0102,000023.770,000054.635,00001004.0,000079.927,00000,00000,2
0103,000024.149,000053.129,00001004.0,000079.927,00000,00000,3
0102,000023.829,000054.725,00001004.0,000079.927,00000,00000,2
0103,000024.260,0000053.39,00001004.0,000079.927,00000,00000,3
0102,000023.729,000054.942,00001004.0,000079.927,00000,00000,2
0103,000024.149,000053.361,00001004.0,000079.927,00000,00000,3
0102,000023.729,000054.930,00001005.0,000071.259,00000,00000,2
0103,000024.139,000053.302,00001005.0,000071.259,00000,00000,3
0102,000023.700,000055.180,00001005.0,000071.259,00000,00000,2
0103,0000024.79,000053.689,00001005.0,000071.259,00000,00000,3
0102,000023.659,000055.280,00001005.0,000071.259,00000,00000,2
0103,0000024.90,000053.690,00001005.0,000071.259,00000,00000,3
0102,000023.670,000055.166,00001005.0,000071.259,00000,00000,2
0103,0000024.30,000053.741,00001005.0,000071.259,00000,00000,3
0102,000023.670,000055.259,00001005.0,000071.259,00000,00000,2
0103,0000024.30,000053.822,00001005.0,000071.259,00000,00000,3
0102,000023.629,000055.288,00001004.0,000079.927,00000,00000,2
0103,000023.969,000053.862,00001004.0,000079.927,00000,00000,3
0102,000023.659,000055.372,00001004.0,000079.927,00000,00000,2
0103,00000024.0,000053.876,00001005.0,000071.259,00000,00000,3
0102,000023.620,000055.504,00001004.0,000079.927,00000,00000,2
0103,0000024.20,000053.902,00001004.0,000079.927,00000,00000,3
0102,000023.690,000055.559,00001004.0,000079.927,00000,00000,2
0103,0000024.90,0000054.61,00001004.0,000079.927,00000,00000,3
0102,000023.659,000055.706,00001004.0,000079.927,00000,00000,2
0103,000023.989,000054.304,00001004.0,000079.927,00000,00000,3
0102,000023.610,000055.872,00001004.0,000079.927,00000,00000,2
0103,000023.989,000054.328,00001004.0,000079.927,00000,00000,3
0102,000023.569,000055.867,00001004.0,000079.927,00000,00000,2
0103,000023.899,000054.571,00001004.0,000079.927,00000,00000,3
0102,000023.590,000055.777,00001004.0,000079.927,00000,00000,2
0103,000023.920,000054.458,00001004.0,000079.927,00000,00000,3
0102,000023.559,000055.877,00001004.0,000079.927,00000,00000,2
0103,000023.909,000054.537,00001004.0,000079.927,00000,00000,3
0102,000023.670,000055.489,00001004.0,000079.927,00000,00000,2
0103,00000024.0,0000054.96,00001004.0,000079.927,00000,00000,3
0102,000023.680,000055.880,00001004.0,000079.927,00000,00000,2
0103,0000024.49,000054.346,00001004.0,000079.927,00000,00000,3
0102,000023.680,00000056.7,00001004.0,000079.927,00000,00000,2
0103,000024.100,000054.410,00001004.0,000079.927,00000,00000,3
0102,000023.680,000056.179,00001004.0,000079.927,00000,00000,2
0103,000024.149,000054.440,00001004.0,000079.927,00000,00000,3
0102,0000024.10,000055.749,00001004.0,000079.927,00000,00000,2
0103,000024.399,000054.110,00001004.0,000079.927,00000,00000,3
0102,0000024.79,000055.918,00001003.0,000088.606,00000,00000,2
0103,000024.510,000054.285,00001004.0,000079.927,00000,00000,3
0102,000024.209,0000056.40,00001004.0,000079.927,00000,00000,2
0103,000024.420,000055.191,00001004.0,000079.927,00000,00000,3
0102,000024.129,000056.766,00001003.0,000088.606,00000,00000,2
0103,000024.530,000055.309,00001004.0,000079.927,00000,00000,3
0102,000023.979,000057.967,00001003.0,000088.606,00000,00000,2
0103,000024.420,000056.210,00001003.0,000088.606,00000,00000,3
0102,0000024.59,000057.516,00001003.0,000088.606,00000,00000,2
0103,000024.379,000055.997,00001003.0,000088.606,00000,00000,3
0102,00000024.0,000058.282,00001003.0,000088.606,00000,00000,2
0103,000024.430,000056.641,00001003.0,000088.606,00000,00000,3
0102,0000024.20,000058.293,00001003.0,000088.606,00000,00000,2
0103,000024.500,000056.510,00001003.0,000088.606,00000,00000,3
0102,000024.110,0000058.41,00001003.0,000088.606,00000,00000,2
0103,000024.579,000056.138,00001003.0,000088.606,00000,00000,3
0102,000024.159,000058.244,00001003.0,000088.606,00000,00000,2
0103,000024.559,000056.587,00001003.0,000088.606,00000,00000,3
0102,000024.190,000057.857,00001003.0,000088.606,00000,00000,2
0103,000024.459,000056.632,00001003.0,000088.606,00000,00000,3
0102,0000024.79,000058.348,00001003.0,000088.606,00000,00000,2
0103,000024.469,000056.901,00001003.0,000088.606,00000,00000,3
0102,000024.290,0000058.51,00001003.0,000088.606,00000,00000,2
0103,000024.700,000056.374,00001003.0,000088.606,00000,00000,3
0102,000024.340,0000058.47,00001003.0,000088.606,00000,00000,2
0103,000024.680,000056.671,00001003.0,000088.606,00000,00000,3
0102,000024.629,000057.208,00001003.0,000088.606,00000,00000,2
0103,000024.889,0000056.72,00001003.0,000088.606,00000,00000,3
0102,000024.629,000057.324,00001003.0,000088.606,00000,00000,2
0103,000024.899,000056.166,00001003.0,000088.606,00000,00000,3
0102,000024.489,0000058.21,00001003.0,000088.606,00000,00000,2
0103,000024.829,000056.530,00001003.0,000088.606,00000,00000,3
0102,000024.530,000057.680,00001003.0,000088.606,00000,00000,2
0103,000024.799,000056.525,00001003.0,000088.606,00000,00000,3
0102,000024.280,000058.305,00001003.0,000088.606,00000,00000,2
0103,000024.590,000056.869,00001003.0,000088.606,00000,00000,3
0102,000024.309,000058.343,00001003.0,000088.606,00000,00000,2
0103,000024.649,000056.923,00001003.0,000088.606,00000,00000,3
0102,000024.479,0000058.78,00001003.0,000088.606,00000,00000,2
0103,000024.780,000056.800,00001003.0,000088.606,00000,00000,3
0102,000024.389,000057.951,00001003.0,000088.606,00000,00000,2
0103,000024.770,000056.486,00001003.0,000088.606,00000,00000,3
0102,000024.170,000058.417,00001003.0,000088.606,00000,00000,2
0103,000024.549,000056.887,00001003.0,000088.606,00000,00000,3
0102,000024.100,000058.571,00001003.0,000088.606,00000,00000,2
0103,000024.430,000057.196,00001003.0,000088.606,00000,00000,3
0102,000024.280,000057.995,00001003.0,000088.606,00000,00000,2
0103,000024.549,000056.750,00001003.0,000088.606,00000,00000,3
0102,000024.270,0000058.49,00001003.0,000088.606,00000,00000,2
0103,000024.690,000056.348,00001003.0,000088.606,00000,00000,3
0102,000024.309,000057.952,00001003.0,000088.606,00000,00000,2
0103,000024.620,000056.514,00001003.0,000088.606,00000,00000,3
0102,000024.340,000057.966,00001003.0,000088.606,00000,00000,2
0103,000024.770,000056.126,00001003.0,000088.606,00000,00000,3
0102,000024.270,000058.130,00001003.0,000088.606,00000,00000,2
0103,000024.770,000056.208,00001003.0,000088.606,00000,00000,3
0102,000024.280,000058.271,00001003.0,000088.606,00000,00000,2
0103,000024.790,000056.234,00001003.0,000088.606,00000,00000,3
0102,000024.309,000058.113,00001003.0,000088.606,00000,00000,2
0103,000024.670,000056.600,00001003.0,000088.606,00000,00000,3
0102,000024.190,000058.501,00001003.0,000088.606,00000,00000,2
0103,000024.540,0000057.12,00001003.0,000088.606,00000,00000,3
0102,000024.180,000058.534,00001003.0,000088.606,00000,00000,2
0103,000024.590,000056.916,00001003.0,000088.606,00000,00000,3
0102,000024.120,000058.548,00001003.0,000088.606,00000,00000,2
0103,000024.510,0000057.33,00001003.0,000088.606,00000,00000,3
0102,0000024.69,000058.693,00001003.0,000088.606,00000,00000,2
0103,000024.399,000057.367,00001003.0,000088.606,00000,00000,3
0102,0000024.49,000058.839,00001003.0,000088.606,00000,00000,2
0103,000024.399,000057.495,00001003.0,000088.606,00000,00000,3
0102,0000024.10,000058.903,00001003.0,000088.606,00000,00000,2
0103,000024.399,000057.436,00001003.0,000088.606,00000,00000,3
0102,000023.959,000058.909,00001003.0,000088.606,00000,00000,2
0103,000024.350,000057.464,00001003.0,000088.606,00000,00000,3
0102,0000024.20,000058.708,00001003.0,000088.606,00000,00000,2
0103,000024.309,000057.506,00001003.0,000088.606,00000,00000,3
0102,0000024.30,000058.572,00001003.0,000088.606,00000,00000,2
0103,000024.260,000057.544,00001004.0,000079.927,00000,00000,3
0102,000023.979,000058.715,00001003.0,000088.606,00000,00000,2
0103,000024.260,000057.602,00001004.0,000079.927,00000,00000,3
0102,00000024.0,000058.581,00001003.0,000088.606,00000,00000,2
0103,000024.239,000057.579,00001003.0,000088.606,00000,00000,3
0102,000023.989,000058.542,00001003.0,000088.606,00000,00000,2
0103,000024.219,000057.586,00001003.0,000088.606,00000,00000,3
0102,000023.959,000058.644,00001003.0,000088.606,00000,00000,2
0103,000024.229,000057.450,00001003.0,000088.606,00000,00000,3
0102,000023.959,000058.540,00001004.0,000079.927,00000,00000,2
0103,000024.219,000057.425,00001004.0,000079.927,00000,00000,3
0102,0000024.10,000058.212,00001004.0,000079.927,00000,00000,2
0103,000024.239,000057.230,00001004.0,000079.927,00000,00000,3
0102,0000024.20,000058.144,00001004.0,000079.927,00000,00000,2
0103,000024.209,000057.226,00001004.0,000079.927,00000,00000,3
0102,000023.920,000058.386,00001004.0,000079.927,00000,00000,2
0103,000024.209,000057.133,00001004.0,000079.927,00000,00000,3
0102,000023.920,000058.363,00001004.0,000079.927,00000,00000,2
0103,000024.239,000057.114,00001004.0,000079.927,00000,00000,3
0102,000023.940,000058.341,00001004.0,000079.927,00000,00000,2
0103,000024.190,000057.236,00001004.0,000079.927,00000,00000,3
0102,000023.909,000058.374,00001004.0,000079.927,00000,00000,2
0103,000024.190,000057.246,00001004.0,000079.927,00000,00000,3
0102,000023.930,000058.260,00001004.0,000079.927,00000,00000,2
0103,000024.229,0000057.90,00001004.0,000079.927,00000,00000,3
0102,000023.940,000058.341,00001003.0,000088.606,00000,00000,2
0103,000024.190,000057.201,00001003.0,000088.606,00000,00000,3
0102,000023.920,000058.327,00001003.0,000088.606,00000,00000,2
0103,000024.149,000057.370,00001003.0,000088.606,00000,00000,3
0102,000023.889,000058.474,00001003.0,000088.606,00000,00000,2
0103,000024.159,000057.372,00001003.0,000088.606,00000,00000,3
0102,000023.950,000058.264,00001003.0,000088.606,00000,00000,2
0103,000024.200,000057.238,00001003.0,000088.606,00000,00000,3
0102,000023.870,000058.563,00001003.0,000088.606,00000,00000,2
0103,000024.170,000057.417,00001003.0,000088.606,00000,00000,3
0102,000023.909,000058.465,00001003.0,000088.606,00000,00000,2
0103,000024.190,000057.248,00001003.0,000088.606,00000,00000,3
0102,000023.899,000058.522,00001003.0,000088.606,00000,00000,2
0103,000024.149,000057.532,00001003.0,000088.606,00000,00000,3
0102,000023.850,000058.767,00001003.0,000088.606,00000,00000,2
0103,000024.170,000057.581,00001003.0,000088.606,00000,00000,3
0102,000023.899,000058.579,00001003.0,000088.606,00000,00000,2
0103,000024.159,000057.499,00001003.0,000088.606,00000,00000,3
0102,000023.870,000058.828,00001003.0,000088.606,00000,00000,2
0103,000024.180,000057.570,00001003.0,000088.606,00000,00000,3
0102,000023.920,000058.603,00001003.0,000088.606,00000,00000,2
0103,000024.149,000057.532,00001003.0,000088.606,00000,00000,3
0102,000023.920,000058.569,00001003.0,000088.606,00000,00000,2
0103,000024.190,000057.456,00001003.0,000088.606,00000,00000,3
0102,000023.879,000058.920,00001003.0,000088.606,00000,00000,2
0103,000024.149,000057.844,00001003.0,000088.606,00000,00000,3
0102,000023.989,000058.486,00001003.0,000088.606,00000,00000,2
0103,000024.170,000057.568,00001003.0,000088.606,00000,00000,3
0102,000023.879,000058.829,00001003.0,000088.606,00000,00000,2
0103,000024.139,000057.786,00001003.0,000088.606,00000,00000,3
0102,000023.940,000058.744,00001003.0,000088.606,00000,00000,2
0103,000024.139,000057.693,00001003.0,000088.606,00000,00000,3
