id_sensors;Hora;Data;Temperatura;Humidade;Press√£o;CO2;TVOC
0104;00:03:24;2023-11-16;23.469;27.980;1012.000;02176;00270
0104;00:13:03;2023-11-16;23.399;27.194;1012.000;02263;00283
0104;00:22:49;2023-11-16;23.209;27.432;1012.000;02338;00295
0104;00:32:50;2023-11-16;23.250;27.372;1012.000;02376;00301
0104;00:43:17;2023-11-16;23.159;27.442;1012.000;02376;00301
0104;00:53:20;2023-11-16;23.200;27.558;1012.000;02376;00301
0104;01:03:36;2023-11-16;23.300;27.483;1012.000;02338;00295
0104;01:13:45;2023-11-16;22.989;27.531;1012.000;02338;00295
0104;01:23:57;2023-11-16;22.920;27.639;1012.000;02376;00301
0104;01:34:20;2023-11-16;22.950;27.579;1012.000;02408;00305
0104;01:44:51;2023-11-16;22.920;27.614;1012.000;02408;00305
0104;01:55:20;2023-11-16;22.860;27.610;1012.000;02376;00301
0104;02:05:25;2023-11-16;22.799;27.644;1012.000;02376;00301
0104;02:15:44;2023-11-16;22.829;27.595;1012.000;02376;00301
0104;02:25:51;2023-11-16;22.750;27.691;1012.000;02376;00301
0104;02:36:21;2023-11-16;22.770;27.643;1012.000;02376;00301
0104;02:46:45;2023-11-16;22.729;27.702;1012.000;02408;00305
0104;02:57:09;2023-11-16;22.729;27.689;1012.000;02408;00305
0104;03:07:20;2023-11-16;22.700;27.688;1012.000;02449;00312
0104;03:17:25;2023-11-16;22.629;27.733;1012.000;02489;00318
0104;03:27:48;2023-11-16;22.670;27.673;1012.000;02489;00318
0104;03:38:12;2023-11-16;22.489;27.886;1013.000;02449;00312
0104;03:48:34;2023-11-16;22.600;27.695;1013.000;02449;00312
0104;03:58:57;2023-11-16;22.530;27.802;1013.000;02449;00312
0104;04:09:06;2023-11-16;22.520;27.801;1013.000;02489;00318
0104;04:19:34;2023-11-16;22.569;27.667;1013.000;02489;00318
0104;04:29:49;2023-11-16;22.579;27.656;1013.000;02489;00318
0104;04:40:00;2023-11-16;22.540;27.666;1013.000;01418;00155
0104;04:50:19;2023-11-16;22.479;27.750;1013.000;01397;00151
0104;05:00:36;2023-11-16;22.469;27.760;1013.000;01373;00148
0104;05:10:46;2023-11-16;22.469;27.723;1013.000;01373;00148
0104;05:21:00;2023-11-16;22.569;27.568;1013.000;01355;00145
0104;05:31:10;2023-11-16;22.479;27.774;1013.000;01355;00145
0104;05:41:16;2023-11-16;22.389;27.930;1013.000;01355;00145
0104;05:51:35;2023-11-16;22.299;28.860;1013.000;01355;00145
0104;06:01:45;2023-11-16;22.440;27.970;1013.000;01373;00148
0104;06:11:42;2023-11-16;22.340;28.102;1013.000;01373;00148
0104;06:21:51;2023-11-16;22.420;28.600;1013.000;01373;00148
0104;06:32:09;2023-11-16;22.479;27.986;1013.000;01397;00151
0104;06:42:37;2023-11-16;22.510;27.913;1013.000;01373;00148
0104;06:52:34;2023-11-16;22.469;27.911;1013.000;01373;00148
0104;07:02:38;2023-11-16;22.360;28.530;1013.000;01355;00142
0104;07:12:17;2023-11-16;22.389;27.968;1013.000;01334;00138
0104;07:22:02;2023-11-16;22.360;28.280;1013.000;01312;00138
0104;07:42:44;2023-11-16;22.399;27.956;1013.000;01276;00133
0104;07:52:58;2023-11-16;22.489;27.973;1013.000;01276;00133
0104;08:03:08;2023-11-16;22.559;27.991;1013.000;01291;00135
0104;08:12:59;2023-11-16;22.530;28.113;1013.000;01312;00138
0104;08:23:03;2023-11-16;22.489;28.260;1013.000;01312;00138
0104;08:32:54;2023-11-16;22.549;28.139;1013.000;01312;00138
0104;08:52:49;2023-11-16;22.579;27.992;1013.000;01276;00133
0104;09:02:38;2023-11-16;22.639;27.858;1013.000;01258;00130
0104;09:12:56;2023-11-16;22.559;27.928;1013.000;01243;00128
0104;09:22:50;2023-11-16;22.649;27.796;1013.000;01204;00122
0104;09:32:52;2023-11-16;22.610;27.770;1013.000;01185;00119
0104;09:42:43;2023-11-16;22.649;27.709;1013.000;01171;00117
0104;09:52:52;2023-11-16;22.600;27.756;1012.000;01153;00114
0104;10:03:10;2023-11-16;22.530;27.814;1012.000;01139;00112
0104;10:13:08;2023-11-16;22.590;27.718;1012.000;01124;00110
0104;10:23:27;2023-11-16;22.569;27.780;1012.000;01124;00107
0104;10:33:37;2023-11-16;22.579;27.717;1012.000;01094;00105
0104;10:43:41;2023-11-16;22.629;27.633;1012.000;01080;00103
0104;10:54:05;2023-11-16;22.590;27.681;1012.000;01063;00101
0104;11:04:13;2023-11-16;22.549;27.678;1012.000;01051;00099
0104;11:14:28;2023-11-16;22.620;27.670;1012.000;01038;00097
0104;11:24:33;2023-11-16;22.639;27.609;1012.000;01004;00092
0104;11:34:41;2023-11-16;22.600;27.682;1012.000;00981;00088
0104;11:44:58;2023-11-16;22.629;27.646;1012.000;00956;00084
0104;11:55:05;2023-11-16;22.620;27.708;1012.000;00929;00080
0104;12:05:17;2023-11-16;22.569;27.792;1012.000;00919;00077
0104;12:15:08;2023-11-16;22.620;27.732;1012.000;00888;00074
0104;12:25:04;2023-11-16;22.680;27.649;1012.000;00845;00067
0104;12:35:17;2023-11-16;22.760;27.641;1012.000;00816;00062
0104;12:45:37;2023-11-16;22.670;27.848;1012.000;00772;00056
0104;12:56:09;2023-11-16;22.719;27.875;1012.000;00739;00051
0104;13:06:37;2023-11-16;22.680;28.100;1012.000;00717;00047
0104;13:17:05;2023-11-16;22.620;28.131;1012.000;00688;00043
0104;13:27:20;2023-11-16;22.590;28.254;1012.000;00673;00040
0104;13:37:32;2023-11-16;22.700;28.149;1012.000;00651;00038
0104;13:47:36;2023-11-16;22.549;28.425;1012.000;00644;00037
0104;13:57:59;2023-11-16;22.659;28.309;1012.000;00633;00034
0104;14:08:23;2023-11-16;22.680;28.372;1012.000;00614;00032
0104;14:18:38;2023-11-16;22.649;28.445;1011.000;00597;00030
0104;14:28:37;2023-11-16;22.579;28.589;1011.000;00601;00030
0104;14:39:02;2023-11-16;22.680;28.521;1011.000;00597;00030
0104;14:49:28;2023-11-16;22.649;28.607;1011.000;00597;00030
0104;14:59:56;2023-11-16;22.629;28.656;1011.000;00601;00030
0104;15:10:11;2023-11-16;22.620;28.766;1011.000;00591;00029
0104;15:20:28;2023-11-16;22.590;28.839;1011.000;00585;00028
0104;15:30:45;2023-11-16;22.639;28.830;1011.000;00578;00027
0104;15:40:57;2023-11-16;22.620;28.904;1011.000;00573;00026
0104;15:51:11;2023-11-16;22.629;28.954;1011.000;00567;00025
0104;16:01:35;2023-11-16;22.639;28.955;1011.000;00567;00025
0104;16:11:55;2023-11-16;22.559;29.860;1011.000;00567;00025
0104;16:32:44;2023-11-16;22.569;29.125;1011.000;00564;00024
0104;16:42:59;2023-11-16;22.590;29.139;1011.000;00573;00026
0104;16:53:15;2023-11-16;22.590;29.164;1011.000;00585;00028
0104;17:03:36;2023-11-16;22.610;29.177;1011.000;00591;00028
0104;17:13:51;2023-11-16;22.690;29.120;1011.000;00591;00029
0104;17:24:10;2023-11-16;22.629;29.228;1011.000;00597;00030
0104;17:34:36;2023-11-16;22.620;29.314;1011.000;00597;00030
0104;17:45:00;2023-11-16;22.700;29.307;1011.000;00607;00031
0104;17:55:22;2023-11-16;22.610;29.476;1011.000;00601;00030
0104;18:05:22;2023-11-16;22.549;29.646;1011.000;00578;00027
0104;18:15:19;2023-11-16;22.600;29.613;1011.000;00578;00027
0104;18:25:20;2023-11-16;22.690;29.531;1011.000;00573;00026
0104;18:35:41;2023-11-16;22.649;29.714;1012.000;00422;00003
0104;18:46:05;2023-11-16;22.680;29.742;1012.000;00423;00003
0104;18:56:23;2023-11-16;22.579;29.972;1012.000;00415;00002
0104;19:06:42;2023-11-16;22.700;29.868;1012.000;00402;00000
0104;19:16:56;2023-11-16;22.670;29.953;1012.000;00405;00000
0104;19:27:06;2023-11-16;22.620;30.610;1012.000;00400;00000
0104;19:37:35;2023-11-16;22.659;30.150;1012.000;00404;00000
0104;19:47:54;2023-11-16;22.670;30.780;1012.000;00400;00000
0104;19:58:13;2023-11-16;22.629;30.150;1012.000;00411;00001
0104;20:08:36;2023-11-16;22.659;30.127;1012.000;00436;00005
0104;20:18:50;2023-11-16;22.680;30.116;1012.000;00459;00008
0104;20:29:03;2023-11-16;22.729;30.690;1012.000;00491;00013
0104;20:39:28;2023-11-16;22.700;30.129;1012.000;00553;00023
0104;20:49:46;2023-11-16;22.700;30.155;1012.000;00643;00037
0104;20:59:52;2023-11-16;22.690;30.178;1012.000;00735;00048
0104;21:10:16;2023-11-16;22.770;30.970;1012.000;00788;00059
0104;21:30:59;2023-11-16;22.780;30.185;1013.000;00856;00069
0104;21:41:20;2023-11-16;22.870;30.780;1013.000;00885;00073
0104;21:51:36;2023-11-16;22.850;30.164;1013.000;00885;00073
0104;22:01:47;2023-11-16;22.959;30.570;1013.000;00955;00084
0104;22:12:03;2023-11-16;22.870;31.150;1013.000;01105;00107
0104;22:22:23;2023-11-16;22.809;31.382;1013.000;01141;00112
0104;22:32:48;2023-11-16;22.709;31.960;1013.000;01223;00125
0104;22:43:03;2023-11-16;22.700;32.295;1013.000;01311;00138
0104;23:03:41;2023-11-16;23.120;32.890;1013.000;01780;00210
0104;23:24:15;2023-11-16;23.590;32.271;1013.000;01816;00215
0104;23:34:41;2023-11-16;22.879;33.304;1013.000;01816;00215
0104;23:44:51;2023-11-16;23.399;32.894;1014.000;01894;00227
0104;23:55:03;2023-11-16;23.370;33.252;1014.000;01930;00233
0104;00:03:48;2023-11-16;23.829;43.101;1014.000;00904;00076
0104;00:10:25;2023-11-16;23.760;43.170;1014.000;00894;00075
0104;00:17:03;2023-11-16;23.760;43.182;1014.000;00904;00076
0104;00:23:40;2023-11-16;23.760;43.108;1014.000;00894;00075
0104;00:30:17;2023-11-16;23.680;43.298;1014.000;00894;00075
0104;00:43:32;2023-11-16;23.729;43.155;1014.000;00894;00075
0104;00:50:09;2023-11-16;23.690;43.200;1014.000;00883;00073
0104;00:56:46;2023-11-16;23.750;42.996;1014.000;00883;00073
0104;01:03:24;2023-11-16;23.659;43.197;1014.000;00874;00072
0104;01:10:01;2023-11-16;23.579;43.327;1014.000;00874;00070
0104;01:16:38;2023-11-16;23.590;43.315;1014.000;00853;00069
0104;01:23:16;2023-11-16;23.600;43.266;1014.000;00864;00069
0104;01:29:53;2023-11-16;23.549;43.386;1014.000;00853;00069
0104;01:36:30;2023-11-16;23.610;43.143;1014.000;00844;00065
0104;01:43:07;2023-11-16;23.600;43.118;1014.000;00826;00064
0104;01:49:45;2023-11-16;23.530;43.247;1014.000;00807;00062
0104;01:56:22;2023-11-16;23.600;43.540;1014.000;00786;00058
0104;02:02:59;2023-11-16;23.489;43.243;1014.000;00765;00055
0104;02:09:36;2023-11-16;23.590;43.300;1014.000;00761;00054
0104;02:16:14;2023-11-16;23.479;43.229;1014.000;00744;00052
0104;02:22:51;2023-11-16;23.500;43.169;1014.000;00728;00049
0104;02:29:28;2023-11-16;23.549;43.260;1014.000;00716;00048
0104;02:36:06;2023-11-16;23.549;42.939;1014.000;00703;00046
0104;02:42:43;2023-11-16;23.510;43.830;1014.000;00685;00043
0104;02:49:20;2023-11-16;23.489;43.820;1014.000;00685;00043
0104;02:55:58;2023-11-16;23.520;42.998;1014.000;00660;00039
0104;03:02:35;2023-11-16;23.500;43.210;1014.000;00660;00039
0104;03:09:13;2023-11-16;23.530;42.900;1014.000;00642;00036
0104;03:15:50;2023-11-16;23.469;43.500;1014.000;00642;00036
0104;03:22:27;2023-11-16;23.489;42.932;1014.000;00628;00034
0104;03:29:05;2023-11-16;23.579;42.780;1014.000;00614;00032
0104;03:35:42;2023-11-16;23.379;43.182;1014.000;00614;00030
0104;03:42:19;2023-11-16;23.420;43.990;1014.000;00600;00030
0104;03:48:57;2023-11-16;23.190;43.537;1014.000;00595;00029
0104;03:55:34;2023-11-16;23.430;43.260;1014.000;00578;00027
0104;04:02:11;2023-11-16;23.340;43.129;1014.000;00571;00026
0104;04:08:49;2023-11-16;23.280;43.248;1014.000;00561;00024
0104;04:15:26;2023-11-16;23.250;43.307;1014.000;00407;00001
0104;04:22:03;2023-11-16;23.329;43.670;1014.000;00411;00001
0104;04:35:18;2023-11-16;23.219;43.329;1014.000;00407;00001
0104;04:41:56;2023-11-16;23.360;42.995;1014.000;00400;00000
0104;04:48:33;2023-11-16;23.239;43.183;1014.000;00405;00000
0104;04:55:10;2023-11-16;23.290;43.750;1014.000;00404;00000
0104;05:01:48;2023-11-16;23.250;43.183;1014.000;00409;00001
0104;05:08:25;2023-11-16;23.389;42.849;1014.000;00409;00001
0104;05:15:03;2023-11-16;23.430;42.666;1014.000;00405;00000
0104;05:21:40;2023-11-16;23.360;42.846;1014.000;00407;00001
0104;05:28:17;2023-11-16;23.360;42.809;1014.000;00405;00000
0104;05:34:55;2023-11-16;23.239;43.450;1014.000;00405;00000
0104;05:41:32;2023-11-16;23.250;42.997;1014.000;00404;00000
0104;05:48:10;2023-11-16;23.229;43.560;1014.000;00405;00000
0104;05:54:47;2023-11-16;23.219;43.420;1014.000;00400;00000
0104;06:01:24;2023-11-16;23.299;42.852;1014.000;00400;00000
0104;06:14:39;2023-11-16;23.299;42.802;1014.000;00405;00000
0104;06:21:17;2023-11-16;23.309;42.791;1014.000;00400;00000
0104;06:27:54;2023-11-16;23.229;42.970;1014.000;00404;00000
0104;06:34:31;2023-11-16;23.340;42.745;1014.000;00404;00000
0104;06:41:09;2023-11-16;23.219;42.994;1014.000;00405;00001
0104;06:47:46;2023-11-16;23.490;43.326;1013.000;00400;00000
0104;06:54:24;2023-11-16;23.260;42.922;1014.000;00408;00001
0104;07:01:01;2023-11-16;23.340;42.745;1014.000;00404;00000
0104;07:07:38;2023-11-16;23.299;42.839;1014.000;00400;00000
0104;07:14:16;2023-11-16;23.219;42.969;1014.000;00406;00000
0104;07:20:53;2023-11-16;23.329;42.768;1014.000;00404;00000
0104;07:27:31;2023-11-16;23.209;43.500;1014.000;00400;00000
0104;07:34:08;2023-11-16;23.270;42.912;1014.000;00402;00000
0104;07:40:46;2023-11-16;23.129;43.160;1014.000;00400;00000
0104;07:47:23;2023-11-16;23.110;43.232;1014.000;00404;00000
0104;07:54:00;2023-11-16;23.149;43.136;1014.000;00406;00000
0104;08:00:38;2023-11-16;23.170;43.770;1014.000;00402;00000
0104;08:07:15;2023-11-16;23.490;43.350;1014.000;00404;00000
0104;08:13:53;2023-11-16;23.120;43.208;1014.000;00404;00000
0104;08:20:30;2023-11-16;23.149;43.173;1014.000;00404;00000
0104;08:27:07;2023-11-16;23.180;43.770;1014.000;00404;00000
0104;08:33:45;2023-11-16;23.110;43.256;1014.000;00409;00001
0104;08:40:22;2023-11-16;23.590;43.301;1014.000;00405;00000
0104;08:47:00;2023-11-16;23.190;43.280;1014.000;00406;00000
0104;08:53:37;2023-11-16;23.180;43.126;1014.000;00406;00001
0104;09:00:14;2023-11-16;23.900;43.317;1014.000;00405;00000
0104;09:06:52;2023-11-16;23.180;43.102;1014.000;00407;00001
0104;09:13:29;2023-11-16;23.180;43.102;1014.000;00407;00001
0104;09:20:07;2023-11-16;23.900;43.304;1014.000;00411;00001
0104;09:26:44;2023-11-16;23.590;43.375;1014.000;00416;00002
0104;09:33:22;2023-11-16;23.239;43.450;1014.000;00421;00003
0104;09:46:36;2023-11-16;23.490;43.375;1014.000;00424;00003
0104;09:53:14;2023-11-16;23.690;43.376;1014.000;00432;00004
0104;09:59:51;2023-11-16;23.790;43.366;1014.000;00435;00005
0104;10:06:29;2023-11-16;23.590;43.425;1014.000;00432;00004
0104;10:13:06;2023-11-16;23.149;43.236;1015.000;00442;00006
0104;10:19:44;2023-11-16;22.670;44.591;1015.000;00400;00000
0104;10:26:22;2023-11-16;22.290;45.680;1015.000;00408;00001
0104;10:33:01;2023-11-16;21.930;46.449;1015.000;00425;00003
0104;10:39:39;2023-11-16;23.260;43.667;1015.000;00589;00028
0104;10:46:17;2023-11-16;23.629;42.660;1015.000;00709;00047
0104;10:52:54;2023-11-16;23.270;43.570;1015.000;00770;00056
0104;10:59:34;2023-11-16;23.260;43.606;1015.000;00812;00062
0104;11:06:12;2023-11-16;23.180;43.823;1015.000;00831;00065
0104;11:12:50;2023-11-16;23.180;43.835;1015.000;00838;00066
0104;11:19:28;2023-11-16;23.590;44.319;1015.000;00871;00071
0104;11:26:05;2023-11-16;23.399;43.669;1015.000;00935;00081
0104;11:32:43;2023-11-16;23.370;44.520;1015.000;01013;00093
0104;11:39:20;2023-11-16;23.579;43.911;1015.000;01130;00111
0104;11:45:58;2023-11-16;23.690;43.909;1015.000;01242;00128
0104;11:52:35;2023-11-16;23.680;44.107;1015.000;01363;00146
0104;11:59:14;2023-11-16;23.799;43.931;1015.000;01489;00165
0104;12:05:51;2023-11-16;23.809;44.218;1015.000;01640;00188
0104;12:12:29;2023-11-16;23.739;44.784;1015.000;01841;00219
0104;12:19:06;2023-11-16;24.930;42.432;1015.000;02136;00258
0104;12:32:21;2023-11-16;24.420;43.394;1015.000;02185;00271
0104;12:38:58;2023-11-16;24.399;43.716;1015.000;02253;00282
0104;12:45:35;2023-11-16;24.340;43.760;1015.000;02306;00290
0104;12:52:12;2023-11-16;24.360;43.824;1015.000;02340;00295
0104;12:58:50;2023-11-16;24.399;43.803;1015.000;02369;00299
0104;13:05:27;2023-11-16;24.379;43.962;1015.000;02432;00309
0104;13:12:04;2023-11-16;24.450;43.882;1015.000;02506;00320
0104;13:18:42;2023-11-16;24.450;43.932;1015.000;02581;00332
0104;13:25:19;2023-11-16;24.420;44.160;1015.000;02659;00344
0104;13:31:56;2023-11-16;24.399;43.940;1015.000;02996;00395
0104;13:38:33;2023-11-16;24.260;44.362;1015.000;03134;00416
0104;13:45:11;2023-11-16;24.270;44.375;1015.000;03402;00457
0104;13:51:48;2023-11-16;24.209;44.855;1015.000;03173;00416
0104;14:05:03;2023-11-16;24.329;44.606;1015.000;03258;00435
0104;14:11:40;2023-11-16;24.329;44.519;1015.000;07412;01068
0104;14:18:17;2023-11-16;24.389;44.375;1015.000;07605;01097
0104;14:24:54;2023-11-16;24.319;44.442;1015.000;07730;01116
0104;14:31:33;2023-11-16;24.340;44.419;1015.000;07092;01019
0104;14:38:11;2023-11-16;24.350;44.358;1015.000;06338;00904
0104;14:44:48;2023-11-16;24.280;44.539;1015.000;05541;00783
0104;14:51:27;2023-11-16;24.319;44.442;1015.000;05136;00721
0104;14:58:04;2023-11-16;24.299;44.454;1015.000;04945;00692
0104;15:04:41;2023-11-16;24.389;44.275;1015.000;04666;00649
0104;15:11:19;2023-11-16;24.420;44.191;1015.000;04427;00613
0104;15:17:57;2023-11-16;24.590;43.734;1015.000;04242;00585
0104;15:24:35;2023-11-16;24.430;44.254;1015.000;04002;00548
0104;15:31:16;2023-11-16;24.319;44.281;1015.000;03832;00522
0104;15:38:00;2023-11-16;24.250;44.374;1015.000;03709;00504
0104;15:44:38;2023-11-16;24.290;44.328;1015.000;04044;00555
0104;15:51:16;2023-11-16;24.670;43.531;1015.000;05272;00742
0104;15:57:53;2023-11-16;25.340;42.460;1015.000;05541;00783
0104;16:04:31;2023-11-16;24.799;43.356;1015.000;05272;00742
0104;16:11:09;2023-11-16;24.629;43.763;1015.000;04874;00681
0104;16:17:47;2023-11-16;24.780;44.270;1015.000;04779;00667
0104;16:24:25;2023-11-16;25.400;43.479;1015.000;04874;00681
0104;16:31:05;2023-11-16;25.610;42.946;1015.000;05026;00704
0104;16:37:43;2023-11-16;25.569;43.142;1015.000;04134;00568
0104;16:44:20;2023-11-16;25.709;43.129;1015.000;04369;00604
0104;16:50:57;2023-11-16;25.780;43.262;1015.000;04874;00681
0104;16:57:35;2023-11-16;25.940;43.301;1015.000;05272;00742
0104;17:04:12;2023-11-16;26.110;43.500;1015.000;05450;00769
0104;17:10:49;2023-11-16;25.780;43.649;1015.000;05450;00769
0104;17:43:56;2023-11-16;25.989;43.757;1015.000;06338;00904
0104;17:50:34;2023-11-16;26.299;43.185;1015.000;06622;00947
0104;17:57:11;2023-11-16;26.110;43.806;1015.000;06338;00904
0104;18:10:26;2023-11-16;25.959;44.178;1015.000;06424;00917
0104;18:36:55;2023-11-16;25.899;43.548;1015.000;05827;00826
0104;19:03:24;2023-11-16;26.350;43.791;1015.000;07730;01116
0104;19:10:01;2023-11-16;26.389;43.433;1015.000;07832;01132
0104;19:16:39;2023-11-16;26.379;44.119;1015.000;07820;01130
0104;19:23:16;2023-11-16;25.979;44.680;1015.000;07589;01095
0104;19:36:30;2023-11-16;26.549;43.810;1015.000;07847;01134
0104;19:43:08;2023-11-16;25.420;45.997;1015.000;06622;00947
0104;19:49:45;2023-11-16;25.549;46.210;1015.000;07093;01019
0104;00:05:18;2023-11-17;23.329;33.260;1014.000;01930;00233
0104;00:15:37;2023-11-17;23.399;33.600;1014.000;01894;00227
0104;00:25:25;2023-11-17;23.329;33.510;1014.000;01894;00227
0104;00:46:00;2023-11-17;23.600;33.469;1014.000;01977;00240
0104;00:56:11;2023-11-17;23.680;33.401;1014.000;02020;00246
0104;01:06:30;2023-11-17;23.610;33.544;1014.000;02020;00246
0104;01:16:35;2023-11-17;23.750;33.505;1014.000;02072;00254
0104;01:26:28;2023-11-17;23.639;32.836;1014.000;01855;00221
0104;01:36:41;2023-11-17;23.610;32.573;1014.000;01703;00198
0104;01:46:44;2023-11-17;23.659;32.563;1014.000;01612;00184
0104;01:55:51;2023-11-17;23.700;32.455;1014.000;01578;00179
0104;02:04:59;2023-11-17;23.649;32.526;1014.000;01545;00174
0104;02:14:35;2023-11-17;23.659;32.514;1014.000;01545;00174
0104;02:24:38;2023-11-17;24.790;32.570;1014.000;01523;00171
0104;02:34:41;2023-11-17;23.840;32.639;1014.000;01545;00174
0104;02:44:54;2023-11-17;23.750;32.945;1014.000;01545;00174
0104;02:54:43;2023-11-17;23.840;32.801;1014.000;01578;00174
0104;03:05:03;2023-11-17;23.850;32.990;1014.000;01578;00179
0104;03:25:22;2023-11-17;24.100;32.795;1014.000;01642;00189
0104;03:35:40;2023-11-17;24.790;32.943;1014.000;01743;00204
0104;03:45:58;2023-11-17;24.209;32.641;1014.000;01780;00210
0104;04:06:01;2023-11-17;23.989;32.562;1014.000;01743;00204
0104;04:16:05;2023-11-17;24.490;32.604;1014.000;01743;00204
0104;04:24:25;2023-11-17;24.229;32.155;1014.000;01816;00215
0104;04:34:43;2023-11-17;24.329;32.130;1014.000;01894;00227
0104;04:55:25;2023-11-17;24.159;31.813;1014.000;01855;00221
0104;05:05:34;2023-11-17;24.300;31.580;1014.000;01703;00198
0104;05:15:39;2023-11-17;24.690;31.200;1014.000;01642;00189
0104;05:25:29;2023-11-17;24.129;30.387;1014.000;01523;00171
0104;05:35:11;2023-11-17;23.879;30.321;1014.000;01437;00157
0104;05:44:37;2023-11-17;23.950;30.630;1013.000;01383;00149
0104;05:53:58;2023-11-17;23.969;29.839;1013.000;01408;00153
0104;06:12:58;2023-11-17;23.840;29.931;1013.000;01545;00174
0104;06:22:42;2023-11-17;23.940;29.763;1013.000;01642;00189
0104;06:31:55;2023-11-17;23.829;29.542;1013.000;01578;00179
0104;06:42:20;2023-11-17;23.969;29.240;1014.000;01545;00174
0104;06:52:32;2023-11-17;23.930;29.438;1014.000;01523;00171
0104;07:02:51;2023-11-17;23.790;29.627;1014.000;01578;00179
0104;07:13:03;2023-11-17;23.659;29.719;1014.000;01496;00166
0104;07:23:28;2023-11-17;23.780;29.739;1014.000;01578;00179
0104;07:33:12;2023-11-17;23.920;29.324;1014.000;01545;00174
0104;07:43:20;2023-11-17;24.200;29.618;1014.000;01671;00193
0104;07:53:14;2023-11-17;24.149;29.501;1014.000;01855;00221
0104;08:01:16;2023-11-17;24.200;29.705;1013.000;01977;00240
0104;08:08:50;2023-11-17;24.260;29.758;1013.000;02072;00254
0104;08:16:31;2023-11-17;24.270;29.309;1013.000;01661;00192
0104;08:22:45;2023-11-17;24.129;28.637;1014.000;01456;00160
0104;08:30:48;2023-11-17;24.360;28.327;1013.000;01096;00106
0104;08:38:58;2023-11-17;24.900;28.823;1014.000;01174;00117
0104;08:47:21;2023-11-17;24.239;29.700;1013.000;01399;00152
0104;08:57:20;2023-11-17;24.360;29.150;1013.000;01456;00160
0104;09:07:28;2023-11-17;24.309;29.325;1014.000;01561;00176
0104;09:17:42;2023-11-17;24.319;29.500;1014.000;01688;00196
0104;09:27:17;2023-11-17;24.129;30.000;1014.000;01761;00207
0104;09:37:29;2023-11-17;24.170;30.190;1014.000;01913;00230
0104;09:47:01;2023-11-17;24.200;30.254;1013.000;02040;00249
0104;09:56:37;2023-11-17;23.760;30.113;1014.000;01877;00225
0104;10:05:56;2023-11-17;23.889;30.460;1014.000;01627;00186
0104;10:15:33;2023-11-17;23.770;30.288;1014.000;01596;00182
0104;10:25:26;2023-11-17;23.770;30.300;1014.000;01561;00176
0104;10:44:04;2023-11-17;23.809;29.992;1014.000;01377;00148
0104;10:53:54;2023-11-17;23.590;30.476;1014.000;01349;00144
0104;11:02:43;2023-11-17;23.430;30.464;1014.000;01324;00140
0104;11:11:53;2023-11-17;23.510;30.545;1014.000;01324;00140
0104;11:21:52;2023-11-17;23.540;30.709;1014.000;01324;00140
0104;11:29:39;2023-11-17;23.450;30.916;1014.000;01349;00144
0104;11:39:31;2023-11-17;23.370;31.460;1014.000;01349;00144
0104;11:49:31;2023-11-17;23.469;30.904;1014.000;01349;00144
0104;11:58:20;2023-11-17;23.350;31.283;1014.000;01377;00148
0104;12:06:48;2023-11-17;23.280;31.241;1014.000;01377;00148
0104;12:14:35;2023-11-17;23.129;31.417;1014.000;01349;00144
0104;12:22:22;2023-11-17;23.110;31.378;1014.000;01349;00144
0104;12:30:59;2023-11-17;22.959;31.605;1014.000;01349;00144
0104;12:44:38;2023-11-17;22.979;31.381;1014.000;01399;00152
0104;12:52:06;2023-11-17;22.940;31.329;1014.000;01377;00148
0104;12:59:30;2023-11-17;22.809;31.408;1014.000;01349;00144
0104;13:08:12;2023-11-17;22.750;31.378;1014.000;01324;00140
0104;13:14:15;2023-11-17;22.739;31.265;1014.000;01324;00137
0104;13:21:10;2023-11-17;22.659;31.347;1014.000;01300;00137
0104;13:28:18;2023-11-17;22.639;31.307;1014.000;01280;00134
0104;13:33:19;2023-11-17;22.629;31.208;1014.000;01280;00134
0104;13:38:36;2023-11-17;22.569;31.191;1014.000;01280;00134
0104;13:47:16;2023-11-17;22.590;31.156;1014.000;01257;00130
0104;13:55:32;2023-11-17;22.549;31.190;1015.000;01257;00130
0104;14:03:07;2023-11-17;22.459;31.345;1015.000;01257;00130
0104;14:09:31;2023-11-17;22.479;31.296;1015.000;01235;00127
0104;14:15:55;2023-11-17;22.409;31.318;1014.000;01235;00127
0104;14:33:09;2023-11-17;22.319;31.311;1014.000;01213;00123
0104;14:40:24;2023-11-17;22.350;31.238;1014.000;01213;00123
0104;14:47:51;2023-11-17;22.299;31.248;1014.000;01195;00121
0104;14:53:38;2023-11-17;22.280;31.220;1014.000;01195;00117
0104;14:59:11;2023-11-17;22.329;31.130;1014.000;01174;00117
0104;15:02:21;2023-11-17;22.290;31.100;1014.000;01153;00114
0104;15:08:36;2023-11-17;22.180;31.139;1014.000;01136;00112
0104;15:14:10;2023-11-17;22.360;30.753;1014.000;01115;00108
0104;15:21:03;2023-11-17;22.290;30.836;1014.000;01096;00106
0104;15:28:18;2023-11-17;22.219;30.856;1014.000;01079;00103
0104;15:39:01;2023-11-17;22.209;30.768;1014.000;01064;00101
0104;15:45:46;2023-11-17;22.190;30.780;1014.000;01048;00098
0104;15:53:02;2023-11-17;22.270;30.598;1014.000;01048;00098
0104;16:01:41;2023-11-17;22.209;30.669;1014.000;01034;00096
0104;16:10:57;2023-11-17;22.260;30.499;1014.000;01009;00092
0104;16:21:04;2023-11-17;22.170;30.604;1014.000;01009;00092
0104;16:31:01;2023-11-17;22.200;30.469;1014.000;01009;00092
0104;16:41:01;2023-11-17;22.180;30.406;1014.000;00993;00090
0104;16:50:46;2023-11-17;22.170;30.343;1014.000;00976;00087
0104;16:59:26;2023-11-17;22.260;30.113;1014.000;00976;00087
0104;17:08:09;2023-11-17;22.239;30.740;1014.000;00949;00083
0104;17:17:33;2023-11-17;22.129;30.178;1014.000;00949;00083
0104;17:27:40;2023-11-17;22.100;30.295;1014.000;00934;00081
0104;17:37:29;2023-11-17;22.200;30.208;1013.000;00934;00081
0104;17:46:45;2023-11-17;22.400;30.110;1013.000;00920;00079
0104;17:57:01;2023-11-17;21.950;30.241;1013.000;00907;00077
0104;18:06:07;2023-11-17;21.979;30.156;1013.000;00907;00077
0104;18:15:52;2023-11-17;22.000;30.830;1013.000;00894;00075
0104;18:25:54;2023-11-17;22.100;30.590;1013.000;00881;00073
0104;18:35:10;2023-11-17;21.920;30.176;1013.000;00881;00071
0104;18:43:20;2023-11-17;21.969;30.930;1013.000;00868;00071
0104;18:52:39;2023-11-17;22.300;29.948;1013.000;00868;00071
0104;19:03:00;2023-11-17;21.829;30.283;1013.000;00854;00069
0104;19:13:24;2023-11-17;21.870;30.223;1013.000;00854;00069
0104;19:23:41;2023-11-17;21.840;30.296;1013.000;00842;00067
0104;19:34:08;2023-11-17;21.889;30.187;1013.000;00831;00065
0104;19:44:27;2023-11-17;21.819;30.369;1013.000;00400;00000
0104;19:54:34;2023-11-17;21.879;30.274;1013.000;00400;00000
0104;20:04:51;2023-11-17;21.959;30.217;1013.000;00400;00000
0104;20:14:41;2023-11-17;21.840;30.408;1013.000;00405;00000
0104;20:24:06;2023-11-17;21.879;30.374;1013.000;00400;00000
0104;20:33:50;2023-11-17;21.950;30.291;1013.000;00400;00000
0104;20:43:18;2023-11-17;21.770;30.577;1013.000;00400;00000
0104;20:52:40;2023-11-17;21.829;30.507;1013.000;00400;00000
0104;21:02:16;2023-11-17;21.840;30.532;1013.000;00404;00000
0104;21:12:13;2023-11-17;21.829;30.557;1013.000;00400;00000
0104;21:22:31;2023-11-17;21.840;30.557;1013.000;00400;00000
0104;21:32:44;2023-11-17;21.799;30.678;1013.000;00400;00000
0104;21:42:34;2023-11-17;21.860;30.583;1013.000;00405;00000
0104;21:52:27;2023-11-17;21.809;30.666;1013.000;00400;00000
0104;22:01:01;2023-11-17;21.729;30.809;1013.000;00404;00000
0104;22:10:44;2023-11-17;21.629;30.977;1013.000;00400;00000
0104;22:19:12;2023-11-17;21.790;30.790;1013.000;00400;00000
0104;22:26:57;2023-11-17;21.690;30.994;1013.000;00400;00000
0104;22:35:27;2023-11-17;21.709;31.200;1013.000;00400;00000
0104;22:44:27;2023-11-17;21.719;31.950;1013.000;00400;00000
0104;22:53:54;2023-11-17;21.799;31.630;1013.000;00400;00000
0104;23:03:49;2023-11-17;21.709;31.244;1013.000;00400;00000
0104;23:11:56;2023-11-17;21.700;31.342;1013.000;00404;00000
0104;23:20:16;2023-11-17;21.680;31.502;1013.000;00400;00000
0104;23:29:00;2023-11-17;21.700;31.478;1013.000;00404;00000
0104;23:37:14;2023-11-17;21.690;31.578;1012.000;00400;00000
0104;23:44:08;2023-11-17;21.700;31.690;1012.000;00405;00000
0104;23:51:24;2023-11-17;21.709;31.666;1012.000;00400;00000
0104;23:57:41;2023-11-17;21.659;31.811;1012.000;00400;00000
0104;00:03:12;2023-11-18;21.620;31.909;1012.000;00400;00000
0104;00:11:05;2023-11-18;21.569;32.103;1012.000;00400;00000
0104;00:18:00;2023-11-18;21.590;32.180;1012.000;00409;00000
0104;00:26:11;2023-11-18;21.750;31.831;1012.000;00405;00000
0104;00:34:58;2023-11-18;21.680;31.950;1012.000;00400;00000
0104;00:42:40;2023-11-18;21.649;32.590;1012.000;00400;00000
0104;00:49:26;2023-11-18;21.549;32.238;1012.000;00404;00000
0104;01:07:06;2023-11-18;21.530;32.311;1012.000;00405;00000
0104;01:15:35;2023-11-18;21.649;32.109;1012.000;00413;00001
0104;01:25:47;2023-11-18;21.559;32.326;1012.000;00418;00002
0104;01:36:01;2023-11-18;21.670;32.197;1012.000;00422;00003
0104;01:44:53;2023-11-18;21.530;32.423;1012.000;00427;00003
0104;01:53:05;2023-11-18;21.579;32.389;1012.000;00433;00005
0104;02:02:57;2023-11-18;21.530;32.522;1012.000;00437;00005
0104;02:12:55;2023-11-18;21.590;32.490;1012.000;00443;00006
0104;02:22:32;2023-11-18;21.510;32.645;1012.000;00443;00006
0104;02:32:18;2023-11-18;21.659;32.408;1012.000;00443;00006
0104;02:41:06;2023-11-18;21.549;32.635;1012.000;00446;00007
0104;02:51:05;2023-11-18;21.569;32.599;1012.000;00446;00006
0104;03:00:54;2023-11-18;21.579;32.663;1012.000;00446;00007
0104;03:10:37;2023-11-18;21.540;32.758;1012.000;00446;00007
0104;03:19:49;2023-11-18;21.440;32.951;1012.000;00451;00007
0104;03:29:44;2023-11-18;21.639;32.679;1012.000;00456;00008
0104;03:39:24;2023-11-18;21.350;33.241;1012.000;00451;00007
0104;03:49:20;2023-11-18;21.520;32.980;1012.000;00451;00007
0104;03:58:24;2023-11-18;21.450;33.113;1012.000;00446;00007
0104;04:07:51;2023-11-18;21.450;33.186;1012.000;00446;00007
0104;04:25:57;2023-11-18;21.559;33.121;1012.000;00446;00007
0104;04:34:54;2023-11-18;21.600;33.740;1011.000;00451;00007
0104;04:44:16;2023-11-18;21.590;33.184;1011.000;00451;00007
0104;04:52:42;2023-11-18;21.549;33.244;1011.000;00446;00007
0104;05:02:00;2023-11-18;21.540;33.305;1011.000;00451;00007
0104;05:10:57;2023-11-18;21.510;33.389;1011.000;00456;00008
0104;05:18:14;2023-11-18;21.520;33.415;1011.000;00461;00009
0104;05:27:01;2023-11-18;21.530;33.391;1012.000;00461;00009
0104;05:35:54;2023-11-18;21.489;33.537;1011.000;00466;00010
0104;05:44:05;2023-11-18;21.500;33.576;1011.000;00485;00012
0104;05:52:16;2023-11-18;21.409;33.717;1011.000;00501;00015
0104;05:59:48;2023-11-18;21.629;33.374;1011.000;00519;00018
0104;06:07:33;2023-11-18;21.510;33.674;1012.000;00531;00019
0104;06:16:38;2023-11-18;21.420;33.841;1012.000;00544;00021
0104;06:34:07;2023-11-18;21.440;33.917;1012.000;00572;00026
0104;06:51:56;2023-11-18;22.290;32.714;1012.000;00633;00035
0104;07:00:40;2023-11-18;22.829;31.968;1012.000;00707;00046
0104;07:09:10;2023-11-18;22.190;33.242;1012.000;00714;00047
0104;07:17:41;2023-11-18;21.920;33.929;1012.000;00771;00056
0104;07:27:30;2023-11-18;21.819;34.281;1012.000;00818;00063
0104;07:36:25;2023-11-18;21.770;34.513;1012.000;00843;00067
0104;07:46:29;2023-11-18;21.989;34.158;1012.000;00885;00073
0104;07:56:28;2023-11-18;21.989;34.208;1012.000;00997;00090
0104;08:06:49;2023-11-18;22.280;33.695;1011.000;01012;00093
0104;08:16:44;2023-11-18;23.239;32.600;1011.000;01035;00096
0104;08:32:18;2023-11-18;22.760;32.873;1011.000;00980;00088
0104;08:48:03;2023-11-18;22.620;33.111;1011.000;00961;00085
0104;08:57:19;2023-11-18;22.530;33.291;1011.000;00961;00085
0104;09:05:37;2023-11-18;22.690;33.352;1011.000;00944;00082
0104;09:14:38;2023-11-18;22.540;33.640;1011.000;00944;00082
0104;09:22:42;2023-11-18;22.489;33.773;1011.000;00980;00088
0104;09:42:20;2023-11-18;22.459;33.882;1011.000;01035;00096
0104;09:52:22;2023-11-18;23.229;32.745;1011.000;01091;00105
0104;10:12:14;2023-11-18;23.219;32.918;1011.000;01129;00111
0104;10:22:20;2023-11-18;23.300;33.353;1010.000;01129;00111
0104;10:42:38;2023-11-18;22.940;34.391;1010.000;01194;00120
0104;10:52:50;2023-11-18;22.979;34.183;1010.000;01242;00128
0104;11:03:18;2023-11-18;23.200;34.136;1010.000;01314;00139
0104;11:13:39;2023-11-18;23.110;33.944;1010.000;01370;00147
0104;11:23:42;2023-11-18;23.190;33.837;1010.000;01394;00151
0104;11:34:02;2023-11-18;23.290;33.708;1010.000;01420;00155
0104;11:44:10;2023-11-18;23.159;33.873;1010.000;01487;00165
0104;11:53:33;2023-11-18;23.239;33.792;1010.000;01518;00170
0104;12:03:51;2023-11-18;23.430;33.793;1010.000;01548;00174
0104;12:14:09;2023-11-18;23.500;34.360;1010.000;01644;00189
0104;12:24:13;2023-11-18;24.250;32.606;1009.000;01679;00194
0104;12:34:36;2023-11-18;24.329;32.400;1010.000;01609;00184
0104;12:43:43;2023-11-18;23.850;33.126;1009.000;01573;00178
0104;12:53:54;2023-11-18;23.750;33.269;1009.000;01573;00178
0104;13:03:25;2023-11-18;23.700;33.252;1009.000;01573;00178
0104;13:13:02;2023-11-18;23.670;33.288;1009.000;01573;00174
0104;13:23:04;2023-11-18;23.639;33.273;1009.000;01548;00174
0104;13:33:25;2023-11-18;23.700;33.103;1009.000;01518;00170
0104;13:43:34;2023-11-18;23.430;33.744;1009.000;01457;00161
0104;13:53:40;2023-11-18;23.430;33.744;1009.000;01370;00147
0104;14:03:44;2023-11-18;23.850;32.990;1009.000;01370;00147
0104;14:12:28;2023-11-18;24.559;31.816;1009.000;01394;00151
0104;14:22:33;2023-11-18;24.400;32.628;1009.000;01341;00143
0104;14:32:20;2023-11-18;23.889;32.905;1008.000;01341;00143
0104;14:42:05;2023-11-18;23.790;33.840;1009.000;01314;00139
0104;14:51:47;2023-11-18;23.309;33.934;1008.000;01288;00135
0104;15:01:39;2023-11-18;23.409;33.841;1008.000;01394;00151
0104;15:11:42;2023-11-18;23.540;33.515;1008.000;01518;00170
0104;15:21:18;2023-11-18;23.510;33.538;1008.000;01609;00184
0104;15:29:31;2023-11-18;24.300;32.653;1008.000;01644;00184
0104;15:38:16;2023-11-18;24.209;32.478;1008.000;01548;00174
0104;15:47:44;2023-11-18;23.649;33.536;1008.000;01217;00124
0104;15:57:34;2023-11-18;23.530;33.652;1008.000;01217;00124
0104;16:06:30;2023-11-18;23.510;33.687;1008.000;01194;00120
0104;16:14:42;2023-11-18;23.530;33.962;1008.000;01151;00114
0104;16:24:25;2023-11-18;23.350;34.535;1008.000;01071;00102
0104;16:34:20;2023-11-18;23.510;34.435;1008.000;01242;00128
0104;16:44:35;2023-11-18;23.319;35.105;1008.000;01071;00102
0104;17:05:11;2023-11-18;23.270;34.853;1007.000;01091;00105
0104;17:15:30;2023-11-18;23.329;34.845;1007.000;01110;00108
0104;17:36:07;2023-11-18;24.520;33.880;1007.000;01175;00118
0104;17:46:27;2023-11-18;23.760;34.454;1007.000;01151;00114
0104;17:56:41;2023-11-18;23.639;34.793;1007.000;01151;00114
0104;18:06:58;2023-11-18;23.639;34.968;1007.000;01151;00114
0104;18:17:12;2023-11-18;23.510;35.917;1007.000;01151;00114
0104;18:27:29;2023-11-18;23.459;36.224;1007.000;01175;00118
0104;18:37:51;2023-11-18;23.379;36.368;1007.000;01175;00118
0104;18:48:14;2023-11-18;23.379;36.255;1007.000;01194;00120
0104;18:58:40;2023-11-18;23.479;36.151;1007.000;01457;00161
0104;19:09:06;2023-11-18;23.340;36.315;1007.000;01573;00178
0104;19:19:08;2023-11-18;23.520;36.500;1007.000;01609;00184
0104;19:29:33;2023-11-18;23.540;35.994;1007.000;01609;00184
0104;19:39:43;2023-11-18;23.409;37.192;1007.000;01679;00194
0104;19:50:06;2023-11-18;23.219;37.921;1007.000;01712;00199
0104;20:00:26;2023-11-18;23.899;36.758;1006.000;01791;00211
0104;20:10:45;2023-11-18;24.159;36.255;1006.000;01835;00218
0104;20:21:03;2023-11-18;23.790;37.223;1006.000;01835;00218
0104;20:31:24;2023-11-18;23.530;37.563;1006.000;01835;00218
0104;20:41:47;2023-11-18;23.340;37.932;1006.000;01876;00224
0104;20:52:09;2023-11-18;23.360;37.823;1006.000;01835;00218
0104;21:02:32;2023-11-18;23.340;37.746;1006.000;01835;00218
0104;21:23:05;2023-11-18;23.309;38.365;1006.000;00796;00060
0104;21:33:15;2023-11-18;23.219;39.166;1006.000;00796;00060
0104;21:43:42;2023-11-18;23.530;39.156;1006.000;00796;00060
0104;21:53:53;2023-11-18;23.440;40.560;1006.000;00892;00074
0104;22:01:21;2023-11-18;23.229;39.925;1006.000;00892;00074
0104;22:21:26;2023-11-18;23.139;39.383;1006.000;00872;00071
0104;22:31:50;2023-11-18;23.180;39.390;1006.000;00848;00068
0104;22:41:29;2023-11-18;23.129;38.959;1006.000;00831;00065
0104;23:01:29;2023-11-18;23.239;38.485;1006.000;00814;00063
0104;23:11:39;2023-11-18;23.149;38.476;1006.000;00814;00063
0104;23:21:46;2023-11-18;23.170;38.404;1006.000;00796;00060
0104;23:32:09;2023-11-18;23.250;38.236;1006.000;00796;00060
0104;23:41:43;2023-11-18;23.299;38.315;1005.000;00778;00057
0104;23:51:53;2023-11-18;23.420;38.276;1005.000;00760;00054
0104;00:02:16;2023-11-19;23.180;39.175;1006.000;00727;00049
0104;00:12:41;2023-11-19;23.170;39.113;1006.000;00710;00047
0104;00:23:11;2023-11-19;23.219;38.817;1005.000;00710;00047
0104;00:33:40;2023-11-19;23.300;39.500;1005.000;00680;00042
0104;00:44:00;2023-11-19;23.200;39.990;1005.000;00653;00038
0104;00:54:16;2023-11-19;22.969;39.108;1005.000;00641;00036
0104;01:03:22;2023-11-19;22.989;39.840;1006.000;00601;00030
0104;01:11:02;2023-11-19;22.889;39.547;1006.000;00527;00019
0104;01:17:56;2023-11-19;22.770;39.786;1006.000;00406;00000
0104;01:26:08;2023-11-19;22.739;39.783;1006.000;00400;00000
0104;01:34:15;2023-11-19;22.709;39.755;1007.000;00400;00000
0104;01:40:16;2023-11-19;22.620;39.747;1007.000;00400;00000
0104;01:46:00;2023-11-19;22.649;39.501;1007.000;00400;00000
0104;01:53:44;2023-11-19;22.670;39.379;1007.000;00400;00000
0104;02:01:48;2023-11-19;22.610;39.325;1007.000;00400;00000
0104;02:10:47;2023-11-19;22.680;39.830;1007.000;00400;00000
0104;02:20:22;2023-11-19;22.649;39.800;1007.000;00405;00000
0104;02:29:33;2023-11-19;22.579;39.980;1007.000;00404;00000
0104;02:39:04;2023-11-19;22.549;39.800;1007.000;00400;00000
0104;02:48:38;2023-11-19;22.559;38.910;1007.000;00400;00000
0104;02:57:59;2023-11-19;22.489;38.854;1008.000;00403;00000
0104;03:07:09;2023-11-19;22.579;38.577;1007.000;00415;00002
0104;03:16:30;2023-11-19;22.500;38.694;1008.000;00441;00006
0104;03:25:55;2023-11-19;22.389;38.809;1008.000;00464;00009
0104;03:44:24;2023-11-19;22.459;38.541;1008.000;00515;00017
0104;03:53:11;2023-11-19;22.440;38.454;1008.000;00535;00020
0104;04:01:20;2023-11-19;22.370;38.472;1008.000;00541;00021
0104;04:09:56;2023-11-19;22.329;38.506;1008.000;00563;00024
0104;04:19:43;2023-11-19;22.399;38.263;1008.000;00592;00029
0104;04:29:33;2023-11-19;22.399;37.977;1008.000;00563;00024
0104;04:39:09;2023-11-19;22.409;37.744;1008.000;00535;00020
0104;04:48:09;2023-11-19;22.340;37.588;1008.000;00497;00014
0104;04:57:37;2023-11-19;22.260;37.644;1008.000;00478;00011
0104;05:07:11;2023-11-19;22.209;37.590;1008.000;00475;00011
0104;05:14:15;2023-11-19;22.270;37.420;1009.000;00483;00012
0104;05:22:06;2023-11-19;22.340;37.910;1009.000;00483;00012
0104;05:29:02;2023-11-19;22.209;37.229;1009.000;00488;00013
0104;05:35:22;2023-11-19;22.120;37.296;1009.000;00497;00014
0104;05:42:32;2023-11-19;22.200;37.338;1009.000;00507;00016
0104;05:50:31;2023-11-19;22.790;37.169;1009.000;00535;00020
0104;05:59:51;2023-11-19;22.400;37.104;1009.000;00569;00025
0104;06:09:16;2023-11-19;22.300;37.780;1009.000;00601;00030
0104;06:18:43;2023-11-19;22.100;37.270;1009.000;00650;00038
0104;06:27:50;2023-11-19;21.940;37.108;1009.000;00695;00044
0104;06:37:36;2023-11-19;21.989;36.989;1009.000;00752;00053
0104;06:47:22;2023-11-19;21.930;37.800;1009.000;00799;00060
0104;06:56:53;2023-11-19;21.870;37.410;1009.000;00837;00066
0104;07:06:04;2023-11-19;22.200;36.706;1009.000;00890;00074
0104;07:14:22;2023-11-19;22.000;36.666;1008.000;00945;00083
0104;07:24:13;2023-11-19;22.000;36.617;1009.000;01007;00092
0104;07:33:53;2023-11-19;22.200;36.506;1009.000;01068;00101
0104;07:43:47;2023-11-19;21.969;36.527;1009.000;01142;00113
0104;07:53:21;2023-11-19;22.000;36.406;1009.000;01188;00120
0104;08:01:52;2023-11-19;21.899;36.498;1009.000;01224;00125
0104;08:10:20;2023-11-19;22.000;36.282;1009.000;01275;00133
0104;08:20:14;2023-11-19;21.909;36.423;1009.000;01314;00139
0104;08:29:50;2023-11-19;21.889;36.458;1009.000;01335;00142
0104;08:38:01;2023-11-19;21.899;36.460;1009.000;01352;00145
0104;08:45:56;2023-11-19;21.930;36.301;1009.000;01366;00147
0104;08:53:15;2023-11-19;21.850;36.468;1009.000;01335;00142
0104;09:08:34;2023-11-19;21.889;36.297;1009.000;01335;00142
0104;09:15:01;2023-11-19;21.790;36.438;1009.000;01335;00142
0104;09:20:06;2023-11-19;21.909;36.212;1009.000;01366;00147
0104;09:25:09;2023-11-19;21.829;36.331;1009.000;01366;00147
0104;09:30:18;2023-11-19;21.889;36.236;1009.000;01521;00170
0104;09:37:24;2023-11-19;21.809;36.304;1009.000;01435;00157
0104;09:44:20;2023-11-19;21.889;36.124;1009.000;01346;00144
0104;09:51:59;2023-11-19;21.760;36.348;1009.000;01267;00132
0104;09:59:15;2023-11-19;21.700;36.381;1009.000;01214;00124
0104;10:06:06;2023-11-19;21.659;36.390;1009.000;01195;00121
0104;10:13:38;2023-11-19;21.719;36.284;1009.000;01161;00115
0104;10:21:20;2023-11-19;21.700;36.332;1009.000;01161;00115
0104;10:28:38;2023-11-19;21.790;36.116;1009.000;01195;00121
0104;10:35:02;2023-11-19;21.729;36.123;1009.000;01195;00121
0104;10:41:08;2023-11-19;21.780;36.300;1009.000;01232;00124
0104;10:47:55;2023-11-19;21.729;36.480;1009.000;01267;00132
0104;10:52:30;2023-11-19;21.709;36.600;1009.000;01328;00141
0104;11:00:15;2023-11-19;21.680;36.570;1009.000;01366;00147
0104;11:07:22;2023-11-19;21.799;35.856;1010.000;01435;00157
0104;11:15:18;2023-11-19;21.719;35.899;1010.000;01482;00164
0104;11:22:31;2023-11-19;21.850;35.636;1010.000;01573;00178
0104;11:28:57;2023-11-19;21.819;35.609;1010.000;01623;00186
0104;11:36:11;2023-11-19;21.819;35.547;1010.000;01678;00194
0104;11:51:35;2023-11-19;21.790;35.483;1010.000;01710;00199
0104;11:59:50;2023-11-19;21.760;35.393;1010.000;01736;00203
0104;12:09:11;2023-11-19;21.819;35.275;1010.000;01736;00203
0104;12:17:32;2023-11-19;21.780;35.234;1010.000;01764;00207
0104;12:25:35;2023-11-19;21.760;35.233;1010.000;01827;00217
0104;12:34:50;2023-11-19;21.729;35.254;1010.000;01925;00232
0104;12:43:47;2023-11-19;21.750;35.158;1010.000;01994;00242
0104;12:52:07;2023-11-19;21.719;35.130;1010.000;02108;00260
0104;13:00:07;2023-11-19;21.680;35.140;1010.000;02150;00266
0104;13:06:15;2023-11-19;21.799;34.864;1010.000;02228;00278
0104;13:13:32;2023-11-19;21.639;35.750;1010.000;02228;00278
0104;13:22:02;2023-11-19;21.700;34.905;1010.000;02272;00285
0104;13:30:42;2023-11-19;21.659;34.865;1010.000;02318;00285
0104;13:38:38;2023-11-19;21.590;34.909;1010.000;02272;00285
0104;13:47:51;2023-11-19;21.659;34.691;1010.000;02272;00285
0104;13:56:55;2023-11-19;21.590;34.710;1010.000;02272;00285
0104;14:06:27;2023-11-19;21.649;34.517;1010.000;02272;00285
0104;14:15:46;2023-11-19;21.620;34.490;1010.000;02272;00285
0104;14:24:16;2023-11-19;21.620;34.377;1011.000;02272;00285
0104;14:42:09;2023-11-19;21.690;34.123;1011.000;02272;00285
0104;14:51:33;2023-11-19;21.559;34.287;1011.000;02318;00292
0104;15:00:51;2023-11-19;21.590;34.190;1011.000;02357;00298
0104;15:09:41;2023-11-19;21.590;34.103;1011.000;02443;00311
0104;15:19:03;2023-11-19;21.590;34.410;1011.000;02494;00319
0104;15:27:36;2023-11-19;21.579;34.200;1011.000;02494;00319
0104;15:36:45;2023-11-19;21.610;34.155;1011.000;02546;00326
0104;15:45:00;2023-11-19;22.639;32.702;1011.000;02704;00351
0104;15:53:24;2023-11-19;22.639;32.851;1011.000;03055;00404
0104;16:01:54;2023-11-19;22.170;33.674;1011.000;03055;00404
0104;16:10:05;2023-11-19;22.300;34.000;1011.000;03055;00404
0104;16:18:18;2023-11-19;22.200;34.000;1011.000;03122;00414
0104;16:25:46;2023-11-19;21.840;34.556;1012.000;03122;00414
0104;16:33:44;2023-11-19;22.639;33.473;1012.000;03397;00456
0104;16:41:40;2023-11-19;23.340;32.478;1012.000;03562;00481
0104;16:50:00;2023-11-19;22.500;33.774;1012.000;03482;00469
0104;16:58:52;2023-11-19;22.270;34.253;1012.000;03562;00481
0104;17:07:47;2023-11-19;22.170;34.420;1012.000;03482;00469
0104;17:17:28;2023-11-19;22.239;34.301;1012.000;03482;00469
0104;17:26:30;2023-11-19;22.510;33.875;1012.000;03397;00456
0104;17:34:51;2023-11-19;23.290;32.699;1012.000;03397;00456
0104;17:52:23;2023-11-19;22.979;33.336;1012.000;03268;00436
0104;18:02:12;2023-11-19;22.799;33.746;1012.000;03194;00425
0104;18:11:32;2023-11-19;22.739;33.903;1012.000;03122;00414
0104;18:20:19;2023-11-19;22.690;34.000;1012.000;03055;00404
0104;18:28:55;2023-11-19;22.760;33.930;1012.000;03055;00404
0104;18:37:58;2023-11-19;23.329;33.130;1012.000;03055;00404
0104;18:47:29;2023-11-19;24.300;32.300;1012.000;02996;00395
0104;18:56:19;2023-11-19;23.670;32.939;1012.000;03055;00404
0104;19:05:07;2023-11-19;23.520;33.551;1012.000;03268;00436
0104;19:14:15;2023-11-19;23.340;33.986;1012.000;03979;00545
0104;19:23:38;2023-11-19;23.450;34.119;1012.000;04595;00639
0104;19:32:48;2023-11-19;23.399;34.863;1012.000;05079;00712
0104;19:41:38;2023-11-19;23.440;34.530;1012.000;05079;00712
0104;19:50:21;2023-11-19;23.739;34.780;1012.000;05079;00712
0104;19:58:37;2023-11-19;23.489;34.757;1012.000;04936;00691
0104;20:07:55;2023-11-19;23.469;35.300;1012.000;05079;00712
0104;20:16:56;2023-11-19;23.579;33.916;1012.000;04373;00605
0104;20:25:36;2023-11-19;23.670;33.724;1012.000;04068;00558
0104;20:34:25;2023-11-19;24.479;32.597;1012.000;04262;00588
0104;20:43:07;2023-11-19;24.309;32.723;1012.000;04492;00623
0104;20:52:07;2023-11-19;24.490;33.478;1012.000;04595;00639
0104;21:01:26;2023-11-19;23.870;33.864;1012.000;01459;00161
0104;21:10:15;2023-11-19;23.940;33.820;1012.000;01489;00165
0104;21:19:25;2023-11-19;23.879;34.270;1012.000;01489;00165
0104;21:28:07;2023-11-19;23.889;33.890;1012.000;01521;00170
0104;21:37:10;2023-11-19;23.840;34.161;1012.000;01521;00170
0104;21:46:04;2023-11-19;23.930;33.931;1011.000;01489;00165
0104;21:54:29;2023-11-19;23.870;33.963;1011.000;01489;00165
0104;22:01:48;2023-11-19;23.819;33.361;1011.000;01274;00133
0104;22:17:11;2023-11-19;23.709;33.790;1011.000;01274;00133
0104;22:25:15;2023-11-19;23.510;34.260;1011.000;01274;00129
0104;22:31:51;2023-11-19;24.409;33.420;1011.000;01274;00133
0104;22:41:28;2023-11-19;24.920;31.966;1011.000;01220;00124
0104;22:51:41;2023-11-19;24.350;32.924;1011.000;01127;00110
0104;23:10:55;2023-11-19;24.400;32.728;1011.000;00939;00082
0104;23:30:27;2023-11-19;23.989;32.487;1011.000;00840;00067
0104;23:39:50;2023-11-19;23.979;32.799;1011.000;00794;00060
0104;23:49:02;2023-11-19;24.590;32.842;1011.000;00809;00062
0104;23:57:14;2023-11-19;24.270;32.945;1011.000;00872;00071
0104;00:05:57;2023-11-20;24.000;32.887;1011.000;00854;00069
0104;00:14:55;2023-11-20;24.590;33.420;1011.000;00974;00084
0104;00:23:35;2023-11-20;24.120;33.220;1011.000;01059;00100
0104;00:32:32;2023-11-20;24.370;32.665;1011.000;01080;00103
0104;00:41:01;2023-11-20;24.239;33.920;1011.000;01150;00114
0104;00:49:41;2023-11-20;24.670;32.837;1011.000;01192;00120
0104;00:58:07;2023-11-20;25.490;32.676;1011.000;01274;00133
0104;01:06:40;2023-11-20;24.920;32.942;1011.000;01298;00136
0104;01:14:22;2023-11-20;24.709;33.477;1011.000;01392;00151
0104;01:23:36;2023-11-20;24.670;33.736;1011.000;01941;00234
0104;01:32:00;2023-11-20;24.659;33.935;1011.000;02052;00251
0104;01:41:35;2023-11-20;24.620;33.870;1011.000;02226;00278
0104;01:50:54;2023-11-20;24.459;34.245;1011.000;02168;00269
0104;01:59:25;2023-11-20;24.309;34.458;1011.000;02114;00261
0104;02:08:05;2023-11-20;24.379;32.964;1011.000;01805;00214
0104;02:16:53;2023-11-20;24.229;32.230;1011.000;01150;00114
0104;02:24:53;2023-11-20;24.250;31.882;1011.000;00995;00087
0104;02:33:46;2023-11-20;24.260;32.570;1011.000;00974;00087
0104;02:43:13;2023-11-20;24.590;32.493;1011.000;00995;00090
0104;03:03:00;2023-11-20;24.190;32.502;1011.000;01013;00093
0104;03:12:40;2023-11-20;24.399;32.493;1011.000;01080;00103
0104;03:22:01;2023-11-20;24.790;31.983;1011.000;01127;00106
0104;03:31:21;2023-11-20;24.610;32.270;1011.000;01102;00106
0104;03:40:21;2023-11-20;24.360;32.777;1011.000;01102;00106
0104;03:50:13;2023-11-20;24.270;33.200;1011.000;01102;00106
0104;03:59:50;2023-11-20;24.159;33.162;1011.000;01192;00120
0104;04:08:45;2023-11-20;24.170;33.212;1011.000;01220;00124
0104;04:17:58;2023-11-20;24.149;33.311;1011.000;01220;00124
0104;04:27:13;2023-11-20;24.000;33.561;1011.000;01220;00124
0104;04:35:42;2023-11-20;23.969;33.583;1011.000;01220;00124
0104;04:43:43;2023-11-20;23.850;33.550;1010.000;01192;00120
0104;04:52:46;2023-11-20;23.700;33.851;1011.000;01192;00120
0104;05:02:23;2023-11-20;23.639;33.772;1011.000;01173;00117
0104;05:11:56;2023-11-20;23.459;33.821;1011.000;01127;00110
0104;05:21:46;2023-11-20;23.450;33.570;1011.000;01080;00103
0104;05:31:11;2023-11-20;23.299;33.647;1011.000;01042;00097
0104;05:40:14;2023-11-20;23.350;33.389;1011.000;00995;00090
0104;05:49:28;2023-11-20;23.309;33.361;1011.000;00974;00087
0104;05:58:45;2023-11-20;23.219;33.441;1011.000;00957;00084
0104;06:08:14;2023-11-20;23.790;33.481;1011.000;00939;00082
0104;06:18:23;2023-11-20;23.110;33.359;1011.000;00920;00079
0104;06:28:08;2023-11-20;23.110;33.247;1011.000;00902;00076
0104;06:37:26;2023-11-20;22.979;33.386;1011.000;00888;00074
0104;06:47:10;2023-11-20;22.959;33.361;1011.000;00888;00074
0104;06:56:28;2023-11-20;22.899;33.380;1011.000;00872;00071
0104;07:06:00;2023-11-20;22.979;33.175;1010.000;00854;00069
0104;07:15:48;2023-11-20;22.829;33.387;1010.000;00840;00067
0104;07:25:22;2023-11-20;22.829;33.424;1010.000;00840;00067
0104;07:35:12;2023-11-20;22.690;33.712;1011.000;00840;00067
0104;07:45:11;2023-11-20;22.879;33.354;1011.000;00840;00067
0104;07:53:57;2023-11-20;22.860;33.352;1011.000;00825;00064
0104;08:03:08;2023-11-20;22.739;33.494;1011.000;00809;00062
0104;08:12:37;2023-11-20;22.670;33.525;1011.000;00768;00056
0104;08:22:50;2023-11-20;22.690;33.328;1011.000;00743;00052
0104;08:31:40;2023-11-20;22.620;33.360;1011.000;00731;00050
0104;08:40:39;2023-11-20;22.629;33.273;1011.000;00704;00046
0104;08:50:07;2023-11-20;22.590;33.283;1011.000;00657;00039
0104;08:59:32;2023-11-20;22.549;33.217;1011.000;00607;00031
0104;09:08:59;2023-11-20;22.459;33.249;1011.000;00530;00019
0104;09:18:27;2023-11-20;22.459;33.112;1011.000;00482;00011
0104;09:28:17;2023-11-20;22.489;32.915;1011.000;00400;00000
0104;09:37:56;2023-11-20;22.500;32.741;1011.000;00400;00000
0104;09:47:39;2023-11-20;22.459;32.701;1011.000;00400;00000
0104;09:57:12;2023-11-20;22.360;32.831;1010.000;00400;00000
0104;10:06:09;2023-11-20;22.389;32.808;1010.000;00416;00002
0104;10:15:42;2023-11-20;22.319;33.100;1011.000;00426;00003
0104;10:24:40;2023-11-20;22.420;32.786;1011.000;00452;00007
0104;10:32:48;2023-11-20;22.440;32.761;1011.000;00463;00009
0104;10:41:40;2023-11-20;22.370;32.856;1011.000;00477;00011
0104;10:49:19;2023-11-20;22.399;32.821;1011.000;00482;00012
0104;10:58:04;2023-11-20;22.399;32.796;1011.000;00496;00014
0104;11:06:52;2023-11-20;22.500;32.667;1011.000;00503;00015
0104;11:14:14;2023-11-20;22.280;33.740;1011.000;00490;00013
0104;11:23:34;2023-11-20;22.309;33.113;1011.000;00482;00012
0104;11:33:21;2023-11-20;22.260;33.295;1010.000;00482;00012
0104;11:42:06;2023-11-20;22.260;33.321;1010.000;00477;00011
0104;11:50:08;2023-11-20;22.219;33.343;1010.000;00477;00011
0104;11:59:09;2023-11-20;22.219;33.343;1010.000;00477;00011
0104;12:08:23;2023-11-20;22.159;33.462;1010.000;00496;00014
0104;12:17:56;2023-11-20;22.139;33.473;1010.000;00496;00014
0104;12:27:08;2023-11-20;22.270;33.234;1010.000;00503;00015
0104;12:36:42;2023-11-20;22.170;33.463;1010.000;00520;00018
0104;12:55:31;2023-11-20;22.900;33.656;1010.000;00560;00024
0104;13:04:17;2023-11-20;22.590;33.704;1010.000;00566;00025
0104;13:13:27;2023-11-20;22.159;33.586;1010.000;00581;00027
0104;13:22:11;2023-11-20;22.120;33.670;1010.000;00572;00026
0104;13:31:09;2023-11-20;22.110;33.732;1010.000;00551;00023
0104;13:39:29;2023-11-20;22.129;33.734;1010.000;00535;00020
0104;13:47:43;2023-11-20;22.100;33.806;1010.000;00508;00016
0104;13:55:40;2023-11-20;22.400;33.876;1010.000;00490;00013
0104;14:03:35;2023-11-20;22.300;33.925;1010.000;00463;00009
0104;14:12:49;2023-11-20;22.490;33.939;1010.000;00452;00007
0104;14:21:42;2023-11-20;22.110;33.869;1010.000;00439;00005
0104;14:30:45;2023-11-20;22.690;33.964;1010.000;00434;00005
0104;14:39:36;2023-11-20;21.979;34.158;1010.000;00426;00003
0104;14:48:49;2023-11-20;22.100;33.967;1010.000;00434;00005
0104;14:57:37;2023-11-20;22.100;34.184;1010.000;00439;00005
0104;15:06:03;2023-11-20;22.400;34.173;1010.000;00439;00005
0104;15:14:39;2023-11-20;22.490;34.187;1010.000;00439;00005
0104;15:23:58;2023-11-20;21.940;34.440;1010.000;00434;00005
0104;15:32:43;2023-11-20;21.950;34.453;1010.000;00434;00005
0104;15:42:21;2023-11-20;22.490;34.324;1010.000;00434;00005
0104;15:51:33;2023-11-20;22.590;34.337;1010.000;00439;00005
0104;16:01:25;2023-11-20;21.959;34.578;1010.000;00439;00005
0104;16:11:25;2023-11-20;21.909;34.673;1009.000;00446;00005
0104;16:21:28;2023-11-20;21.850;34.830;1009.000;00446;00007
0104;16:31:16;2023-11-20;21.940;34.701;1009.000;00446;00007
0104;16:40:59;2023-11-20;21.899;34.772;1009.000;00446;00007
0104;16:50:50;2023-11-20;21.860;34.868;1009.000;00439;00005
0104;17:00:32;2023-11-20;21.940;34.762;1009.000;00446;00007
0104;17:10:04;2023-11-20;21.870;34.906;1009.000;00446;00007
0104;17:19:38;2023-11-20;21.959;34.740;1009.000;00446;00007
0104;17:28:28;2023-11-20;21.899;34.859;1009.000;00452;00007
0104;17:36:20;2023-11-20;21.909;34.872;1009.000;00452;00007
0104;17:43:49;2023-11-20;21.870;34.968;1009.000;00457;00008
0104;17:52:12;2023-11-20;21.840;35.530;1009.000;00463;00009
0104;18:01:03;2023-11-20;21.879;35.180;1009.000;00463;00009
0104;18:09:49;2023-11-20;21.889;35.600;1009.000;00463;00009
0104;18:18:08;2023-11-20;21.860;35.910;1009.000;00457;00008
0104;18:27:03;2023-11-20;21.920;35.900;1009.000;00457;00008
0104;18:36:25;2023-11-20;21.850;35.116;1009.000;00452;00007
0104;18:45:27;2023-11-20;21.799;35.223;1009.000;00446;00007
0104;18:54:53;2023-11-20;21.879;35.142;1009.000;00446;00007
0104;19:04:15;2023-11-20;21.819;35.238;1009.000;00446;00005
0104;19:14:11;2023-11-20;21.889;35.180;1009.000;00439;00005
0104;19:24:19;2023-11-20;21.909;35.145;1009.000;00439;00005
0104;19:42:02;2023-11-20;21.819;35.336;1009.000;00426;00003
0104;19:51:16;2023-11-20;21.840;35.350;1009.000;00439;00005
0104;20:00:34;2023-11-20;21.920;35.220;1009.000;00446;00007
0104;20:09:39;2023-11-20;21.819;35.435;1009.000;00446;00007
0104;20:17:45;2023-11-20;21.889;35.354;1009.000;00457;00008
0104;20:26:45;2023-11-20;21.969;35.311;1009.000;00439;00005
0104;20:34:57;2023-11-20;21.899;35.455;1009.000;00417;00002
0104;20:42:47;2023-11-20;21.860;35.550;1009.000;00400;00000
0104;20:52:09;2023-11-20;21.739;35.814;1009.000;00400;00000
0104;21:01:08;2023-11-20;21.940;35.483;1009.000;00400;00000
0104;21:08:08;2023-11-20;21.760;35.865;1009.000;00400;00000
0104;21:15:44;2023-11-20;21.770;35.854;1009.000;00400;00000
0104;21:24:18;2023-11-20;21.760;35.840;1009.000;00405;00000
0104;21:31:16;2023-11-20;21.719;35.936;1009.000;00400;00000
0104;21:38:24;2023-11-20;21.770;35.928;1009.000;00400;00000
0104;21:45:38;2023-11-20;21.850;35.835;1009.000;00405;00000
0104;21:52:25;2023-11-20;21.700;36.960;1009.000;00421;00003
0104;21:59:57;2023-11-20;21.750;35.989;1009.000;00450;00007
0104;22:07:22;2023-11-20;21.790;35.979;1009.000;00481;00012
0104;22:15:33;2023-11-20;21.840;35.910;1009.000;00507;00016
0104;22:24:07;2023-11-20;21.750;36.510;1009.000;00542;00021
0104;22:32:37;2023-11-20;21.709;36.146;1009.000;00557;00023
0104;22:40:37;2023-11-20;21.739;36.136;1009.000;00591;00029
0104;22:59:36;2023-11-20;21.729;36.124;1009.000;00668;00040
0104;23:07:00;2023-11-20;21.760;36.114;1009.000;00698;00045
0104;23:16:01;2023-11-20;21.719;36.172;1010.000;00735;00051
0104;23:25:45;2023-11-20;21.750;36.150;1010.000;00761;00054
0104;23:34:44;2023-11-20;21.649;36.353;1010.000;00785;00058
0104;23:44:22;2023-11-20;21.760;36.175;1010.000;00811;00062
0104;23:53:50;2023-11-20;21.920;35.990;1010.000;00811;00062
0104;00:02:31;2023-11-21;21.899;36.125;1010.000;00869;00069
0104;00:11:27;2023-11-21;21.979;35.957;1010.000;00901;00076
0104;00:29:10;2023-11-21;22.250;35.867;1010.000;01827;00210
0104;00:37:45;2023-11-21;22.100;36.407;1010.000;02168;00269
0104;00:45:48;2023-11-21;22.159;36.220;1010.000;02168;00269
0104;00:54:16;2023-11-21;22.250;36.203;1010.000;02216;00276
0104;01:00:52;2023-11-21;22.250;36.301;1010.000;02216;00276
0104;01:07:27;2023-11-21;22.370;36.390;1010.000;02269;00284
0104;01:15:04;2023-11-21;22.350;36.370;1010.000;02168;00269
0104;01:24:00;2023-11-21;22.389;35.953;1010.000;02112;00260
0104;01:32:26;2023-11-21;22.440;35.870;1010.000;02066;00253
0104;02:00:56;2023-11-21;22.469;35.872;1010.000;01868;00223
0104;02:10:40;2023-11-21;22.459;35.933;1010.000;01827;00217
0104;02:20:30;2023-11-21;22.600;35.746;1010.000;01782;00210
0104;02:30:23;2023-11-21;22.549;36.650;1010.000;01782;00210
0104;02:40:30;2023-11-21;22.799;35.699;1010.000;01782;00210
0104;02:50:11;2023-11-21;23.899;33.891;1010.000;01827;00217
0104;02:59:51;2023-11-21;23.459;34.680;1010.000;01782;00210
0104;03:09:01;2023-11-21;22.969;35.675;1010.000;01674;00194
0104;03:18:47;2023-11-21;22.920;35.734;1010.000;01674;00194
0104;03:27:56;2023-11-21;22.909;35.708;1010.000;01637;00188
0104;03:37:34;2023-11-21;23.100;35.541;1010.000;01637;00188
0104;03:47:16;2023-11-21;23.190;35.457;1010.000;01562;00177
0104;03:56:42;2023-11-21;23.690;35.708;1010.000;01529;00171
0104;04:06:31;2023-11-21;22.969;35.961;1010.000;01502;00167
0104;04:16:31;2023-11-21;23.149;35.752;1010.000;01374;00148
0104;04:26:20;2023-11-21;23.170;35.853;1010.000;01290;00135
0104;04:36:17;2023-11-21;23.319;35.976;1010.000;01268;00132
0104;04:46:22;2023-11-21;24.299;34.295;1009.000;01467;00162
0104;04:56:28;2023-11-21;24.260;34.280;1009.000;01502;00167
0104;05:06:21;2023-11-21;23.790;35.129;1009.000;01502;00167
0104;05:16:16;2023-11-21;23.500;35.630;1009.000;01467;00162
0104;05:25:59;2023-11-21;23.379;35.857;1009.000;01467;00162
0104;05:35:50;2023-11-21;23.309;35.926;1009.000;01433;00157
0104;05:45:27;2023-11-21;23.239;36.700;1009.000;01401;00152
0104;06:05:05;2023-11-21;23.490;36.241;1008.000;01401;00152
0104;06:15:07;2023-11-21;23.200;36.240;1008.000;01374;00148
0104;06:24:46;2023-11-21;23.790;36.700;1008.000;01374;00148
0104;06:34:23;2023-11-21;23.260;35.624;1008.000;01374;00148
0104;06:44:09;2023-11-21;24.329;33.811;1008.000;01374;00148
0104;06:53:47;2023-11-21;23.959;34.332;1008.000;01346;00144
0104;07:03:35;2023-11-21;23.579;35.880;1008.000;01346;00144
0104;07:13:26;2023-11-21;23.290;35.625;1008.000;01317;00139
0104;07:21:53;2023-11-21;23.200;35.768;1008.000;01317;00139
0104;07:30:56;2023-11-21;23.129;35.887;1008.000;01290;00135
0104;07:40:05;2023-11-21;23.139;35.887;1008.000;01290;00135
0104;07:49:49;2023-11-21;23.200;36.530;1008.000;01290;00135
0104;07:58:52;2023-11-21;23.490;36.170;1008.000;01290;00135
0104;08:08:21;2023-11-21;22.940;36.257;1008.000;01268;00132
0104;08:17:40;2023-11-21;23.100;35.947;1008.000;01268;00132
0104;08:27:21;2023-11-21;22.979;36.323;1008.000;01243;00128
0104;08:37:01;2023-11-21;23.590;36.180;1008.000;01268;00132
0104;08:46:51;2023-11-21;23.979;34.608;1008.000;01268;00132
0104;08:56:43;2023-11-21;23.809;35.180;1008.000;01243;00128
0104;09:06:31;2023-11-21;23.709;35.298;1008.000;01216;00124
0104;09:16:27;2023-11-21;23.600;35.949;1007.000;01216;00124
0104;09:35:57;2023-11-21;23.370;37.760;1007.000;01105;00107
0104;09:45:55;2023-11-21;23.379;37.363;1007.000;01019;00094
0104;09:55:49;2023-11-21;23.629;37.334;1007.000;00951;00083
0104;10:05:38;2023-11-21;23.510;37.536;1007.000;00901;00076
0104;10:15:35;2023-11-21;23.340;37.808;1007.000;00916;00078
0104;10:25:43;2023-11-21;23.379;37.998;1007.000;00932;00081
0104;10:35:53;2023-11-21;23.299;37.979;1007.000;00966;00086
0104;10:45:57;2023-11-21;23.229;38.470;1007.000;01019;00094
0104;10:55:54;2023-11-21;23.100;38.458;1007.000;01068;00101
0104;11:05:33;2023-11-21;23.450;38.339;1007.000;01019;00094
0104;11:15:30;2023-11-21;24.409;36.750;1007.000;01068;00101
0104;11:25:14;2023-11-21;23.950;37.510;1006.000;01105;00107
0104;11:35:10;2023-11-21;23.670;38.230;1006.000;01123;00110
0104;11:45:09;2023-11-21;23.440;38.500;1006.000;01171;00117
0104;11:54:56;2023-11-21;23.559;38.573;1007.000;01290;00135
0104;12:04:15;2023-11-21;23.450;38.750;1007.000;01562;00177
0104;12:13:45;2023-11-21;23.329;38.927;1006.000;01637;00188
0104;12:23:23;2023-11-21;23.290;38.886;1006.000;01674;00194
0104;12:33:03;2023-11-21;23.180;39.250;1006.000;01637;00188
0104;12:42:05;2023-11-21;23.170;39.100;1006.000;01600;00182
0104;12:50:37;2023-11-21;23.139;39.590;1006.000;01637;00188
0104;12:59:26;2023-11-21;23.000;39.247;1006.000;01637;00188
0104;13:08:50;2023-11-21;23.360;38.494;1007.000;01637;00188
0104;13:18:10;2023-11-21;24.100;37.573;1007.000;01674;00194
0104;13:27:23;2023-11-21;23.489;39.425;1007.000;01782;00210
0104;13:34:32;2023-11-21;23.389;39.778;1007.000;01827;00217
0104;13:44:16;2023-11-21;23.250;40.510;1007.000;01868;00223
0104;13:54:12;2023-11-21;23.229;40.335;1007.000;01827;00217
0104;14:03:41;2023-11-21;23.370;40.124;1007.000;01782;00210
0104;14:12:49;2023-11-21;23.379;39.815;1007.000;01827;00217
0104;14:22:25;2023-11-21;23.309;39.820;1007.000;01782;00210
0104;14:31:49;2023-11-21;23.159;40.105;1007.000;01741;00204
0104;14:41:32;2023-11-21;23.190;39.935;1007.000;01710;00199
0104;14:51:06;2023-11-21;23.100;40.125;1007.000;01637;00188
0104;15:00:58;2023-11-21;23.129;39.954;1007.000;01637;00182
0104;15:10:53;2023-11-21;22.979;40.189;1007.000;01562;00177
0104;15:20:30;2023-11-21;23.790;40.980;1007.000;01529;00171
0104;15:29:43;2023-11-21;22.989;40.227;1007.000;01502;00162
0104;15:39:10;2023-11-21;22.940;40.210;1007.000;01467;00162
0104;15:48:04;2023-11-21;22.899;40.294;1007.000;01467;00162
0104;15:57:26;2023-11-21;22.959;40.125;1007.000;01433;00157
0104;16:06:41;2023-11-21;22.889;40.119;1008.000;01433;00157
0104;16:16:28;2023-11-21;22.809;40.361;1008.000;01433;00157
0104;16:26:14;2023-11-21;22.870;40.204;1008.000;01433;00157
0104;16:35:47;2023-11-21;22.770;40.445;1008.000;01401;00152
0104;16:54:35;2023-11-21;22.829;40.337;1008.000;01346;00144
0104;17:03:26;2023-11-21;22.790;40.346;1008.000;01346;00139
0104;17:13:05;2023-11-21;22.770;40.382;1008.000;01317;00139
0104;17:22:59;2023-11-21;22.770;40.418;1008.000;01317;00139
0104;17:32:42;2023-11-21;22.709;40.649;1008.000;01268;00132
0104;17:41:49;2023-11-21;22.579;40.935;1008.000;01216;00124
0104;17:51:33;2023-11-21;22.670;40.807;1008.000;01195;00121
0104;18:01:22;2023-11-21;22.639;40.693;1008.000;01171;00117
0104;18:11:00;2023-11-21;22.659;40.880;1008.000;01171;00117
0104;18:20:40;2023-11-21;22.600;40.974;1008.000;01123;00110
0104;18:30:13;2023-11-21;22.649;40.941;1008.000;01105;00107
0104;18:39:59;2023-11-21;22.709;40.885;1008.000;01084;00104
0104;18:58:31;2023-11-21;22.579;41.146;1008.000;01019;00094
0104;19:07:51;2023-11-21;22.489;41.312;1008.000;01019;00094
0104;19:17:21;2023-11-21;22.579;41.830;1008.000;01019;00094
0104;19:26:15;2023-11-21;22.549;41.144;1008.000;01001;00091
0104;19:34:25;2023-11-21;22.659;40.955;1008.000;00985;00089
0104;19:42:29;2023-11-21;22.610;41.630;1008.000;00966;00086
0104;19:50:10;2023-11-21;22.610;41.630;1008.000;00966;00086
0104;19:59:30;2023-11-21;22.649;40.966;1008.000;00966;00086
0104;20:08:46;2023-11-21;22.569;41.159;1008.000;00966;00086
0104;20:17:46;2023-11-21;22.579;41.183;1008.000;00966;00086
0104;20:26:17;2023-11-21;22.489;41.449;1008.000;00966;00086
0104;20:35:11;2023-11-21;22.540;41.255;1008.000;00951;00083
0104;20:43:50;2023-11-21;22.569;41.332;1008.000;00951;00083
0104;20:53:15;2023-11-21;22.510;41.351;1008.000;00951;00083
0104;21:03:09;2023-11-21;22.469;41.459;1008.000;00966;00086
0104;21:13:11;2023-11-21;22.510;41.376;1008.000;00966;00086
0104;21:23:13;2023-11-21;22.479;41.374;1008.000;00966;00086
0104;21:33:19;2023-11-21;22.520;41.402;1008.000;00966;00086
0104;21:52:48;2023-11-21;22.459;41.533;1008.000;00966;00086
0104;22:02:21;2023-11-21;22.569;41.294;1008.000;00966;00086
0104;22:11:54;2023-11-21;22.469;41.508;1008.000;00966;00086
0104;22:21:41;2023-11-21;22.489;41.449;1008.000;00966;00086
0104;22:31:20;2023-11-21;22.500;41.499;1008.000;00966;00086
0104;22:41:00;2023-11-21;22.420;41.628;1008.000;00951;00083
0104;22:50:44;2023-11-21;22.479;41.546;1008.000;00932;00081
0104;22:59:52;2023-11-21;22.500;41.511;1008.000;00916;00078
0104;23:09:17;2023-11-21;22.450;41.643;1008.000;00414;00002
0104;23:18:54;2023-11-21;22.510;41.512;1008.000;00411;00001
0104;23:28:33;2023-11-21;22.440;41.655;1008.000;00411;00000
0104;23:37:54;2023-11-21;22.500;41.548;1008.000;00411;00001
0104;23:47:03;2023-11-21;22.500;41.585;1008.000;00404;00000
0104;23:56:23;2023-11-21;22.389;41.812;1008.000;00404;00000
0104;00:03:34;2023-11-22;22.430;41.691;1008.000;00404;00000
0104;00:10:50;2023-11-22;22.469;41.744;1008.000;00400;00000
0104;00:18:56;2023-11-22;22.469;41.719;1008.000;00400;00000
0104;00:37:58;2023-11-22;22.389;41.899;1008.000;00406;00000
0104;00:47:59;2023-11-22;22.399;41.874;1008.000;00406;00000
0104;00:57:30;2023-11-22;22.450;41.841;1008.000;00400;00000
0104;01:07:10;2023-11-22;22.379;42.450;1008.000;00400;00000
0104;01:26:55;2023-11-22;22.270;42.358;1008.000;00400;00000
0104;01:36:45;2023-11-22;22.379;42.169;1008.000;00400;00000
0104;01:46:08;2023-11-22;22.379;42.132;1008.000;00400;00000
0104;01:55:56;2023-11-22;22.360;42.131;1008.000;00405;00000
0104;02:05:48;2023-11-22;22.370;42.145;1008.000;00405;00000
0104;02:15:19;2023-11-22;22.379;42.950;1007.000;00405;00000
0104;02:25:09;2023-11-22;22.389;42.350;1007.000;00413;00001
0104;02:44:22;2023-11-22;22.370;42.157;1007.000;00405;00000
0104;02:53:58;2023-11-22;22.309;42.250;1007.000;00405;00000
0104;03:03:28;2023-11-22;22.379;42.132;1007.000;00405;00000
0104;03:12:47;2023-11-22;22.260;42.408;1007.000;00405;00000
0104;03:22:29;2023-11-22;22.420;42.112;1007.000;00405;00000
0104;03:32:19;2023-11-22;22.299;42.423;1007.000;00400;00000
0104;03:41:40;2023-11-22;22.309;42.436;1007.000;00400;00000
0104;03:51:03;2023-11-22;22.399;42.221;1007.000;00400;00000
0104;04:00:38;2023-11-22;22.379;42.320;1007.000;00400;00000
0104;04:10:03;2023-11-22;22.340;42.377;1007.000;00400;00000
0104;04:20:01;2023-11-22;22.399;42.358;1007.000;00400;00000
0104;04:29:45;2023-11-22;22.280;42.620;1007.000;00407;00001
0104;04:39:44;2023-11-22;22.340;42.539;1007.000;00400;00000
0104;04:49:43;2023-11-22;22.299;42.659;1007.000;00405;00000
0104;04:59:19;2023-11-22;22.340;42.488;1007.000;00405;00000
0104;05:08:54;2023-11-22;22.389;42.481;1007.000;00409;00001
0104;05:18:13;2023-11-22;22.360;42.528;1007.000;00409;00001
0104;05:27:44;2023-11-22;22.319;42.599;1007.000;00417;00002
0104;05:37:27;2023-11-22;22.309;42.610;1007.000;00417;00002
0104;05:47:10;2023-11-22;22.260;42.692;1007.000;00423;00003
0104;06:06:00;2023-11-22;22.370;42.553;1007.000;00432;00004
0104;06:15:38;2023-11-22;22.299;42.671;1008.000;00432;00004
0104;06:25:24;2023-11-22;22.299;42.659;1008.000;00423;00003
0104;06:35:06;2023-11-22;22.340;42.687;1008.000;00417;00002
0104;06:44:44;2023-11-22;22.299;42.720;1008.000;00417;00002
0104;06:54:37;2023-11-22;22.209;42.898;1008.000;00417;00002
0104;07:14:11;2023-11-22;22.270;42.891;1008.000;00409;00001
0104;07:23:44;2023-11-22;22.270;42.953;1008.000;00400;00000
0104;07:33:22;2023-11-22;22.270;43.410;1008.000;00400;00000
0104;07:43:09;2023-11-22;22.270;43.300;1008.000;00405;00000
0104;07:52:50;2023-11-22;22.340;42.835;1008.000;00405;00000
0104;08:02:35;2023-11-22;22.319;43.800;1008.000;00400;00000
0104;08:12:24;2023-11-22;22.280;43.152;1008.000;00400;00000
0104;08:31:54;2023-11-22;22.229;43.136;1008.000;00411;00001
0104;08:41:21;2023-11-22;22.319;42.909;1008.000;00423;00003
0104;08:50:58;2023-11-22;22.200;43.207;1008.000;00434;00005
0104;09:00:46;2023-11-22;22.270;43.400;1008.000;00446;00007
0104;09:10:30;2023-11-22;22.190;43.231;1008.000;00452;00007
0104;09:20:00;2023-11-22;22.280;42.978;1008.000;00463;00009
0104;09:29:40;2023-11-22;22.149;43.276;1008.000;00473;00011
0104;09:39:24;2023-11-22;22.290;42.906;1009.000;00481;00012
0104;09:48:50;2023-11-22;22.209;43.171;1009.000;00487;00013
0104;10:07:36;2023-11-22;22.329;42.835;1009.000;00503;00015
0104;10:17:12;2023-11-22;22.280;43.400;1009.000;00503;00015
0104;10:27:02;2023-11-22;22.239;43.120;1009.000;00517;00017
0104;10:36:35;2023-11-22;22.360;42.763;1009.000;00524;00018
0104;10:45:59;2023-11-22;22.450;42.648;1009.000;00533;00020
0104;10:55:33;2023-11-22;22.329;42.897;1009.000;00533;00020
0104;11:05:18;2023-11-22;22.299;42.994;1009.000;00524;00018
0104;11:14:54;2023-11-22;22.280;42.991;1009.000;00517;00017
0104;11:24:25;2023-11-22;22.329;42.959;1009.000;00517;00017
0104;11:34:11;2023-11-22;22.280;43.189;1009.000;00497;00014
0104;11:44:00;2023-11-22;22.370;43.990;1009.000;00487;00013
0104;11:53:40;2023-11-22;22.270;43.250;1009.000;00473;00011
0104;12:03:34;2023-11-22;22.290;43.228;1009.000;00481;00012
0104;12:13:17;2023-11-22;22.360;43.240;1009.000;00505;00015
0104;12:23:12;2023-11-22;22.389;42.940;1009.000;00527;00019
0104;12:33:08;2023-11-22;22.360;43.110;1009.000;00544;00021
0104;12:43:06;2023-11-22;22.469;42.810;1009.000;00565;00025
0104;12:52:40;2023-11-22;22.389;42.953;1009.000;00575;00026
0104;13:02:09;2023-11-22;22.409;42.992;1009.000;00585;00028
0104;13:11:07;2023-11-22;22.420;42.856;1009.000;00585;00028
0104;13:20:31;2023-11-22;22.500;42.827;1009.000;00597;00030
0104;13:30:16;2023-11-22;22.489;42.776;1009.000;00610;00031
0104;13:40:01;2023-11-22;22.540;42.582;1009.000;00610;00031
0104;13:59:18;2023-11-22;22.540;42.732;1009.000;00632;00035
0104;14:08:52;2023-11-22;22.579;42.635;1009.000;00632;00035
0104;14:18:42;2023-11-22;22.579;42.698;1009.000;00644;00037
0104;14:27:53;2023-11-22;22.510;42.840;1009.000;00644;00037
0104;14:37:17;2023-11-22;22.549;42.669;1009.000;00655;00038
0104;14:46:43;2023-11-22;22.629;42.442;1009.000;00669;00038
0104;14:55:53;2023-11-22;22.590;42.736;1009.000;00655;00038
0104;15:05:07;2023-11-22;22.770;42.157;1009.000;00669;00040
0104;15:14:22;2023-11-22;22.790;42.133;1009.000;00669;00040
0104;15:23:29;2023-11-22;22.760;42.193;1009.000;00681;00042
0104;15:33:11;2023-11-22;22.670;42.482;1009.000;00681;00040
0104;15:43:05;2023-11-22;22.680;42.373;1009.000;00681;00042
0104;16:02:07;2023-11-22;22.670;42.619;1009.000;00681;00042
0104;16:11:31;2023-11-22;22.700;42.597;1009.000;00681;00042
0104;16:21:04;2023-11-22;22.729;42.550;1009.000;00681;00042
0104;16:30:47;2023-11-22;22.670;42.730;1009.000;00681;00042
0104;16:40:21;2023-11-22;22.889;42.106;1008.000;00698;00045
0104;16:49:42;2023-11-22;22.860;42.240;1008.000;00698;00045
0104;16:58:55;2023-11-22;22.920;42.710;1008.000;00698;00045
0104;17:08:05;2023-11-22;23.100;41.856;1008.000;00681;00042
0104;17:17:19;2023-11-22;23.190;41.376;1008.000;00698;00045
0104;17:26:57;2023-11-22;23.129;41.383;1008.000;00698;00045
0104;17:46:18;2023-11-22;23.180;41.350;1008.000;00681;00042
0104;17:55:44;2023-11-22;23.490;41.947;1008.000;00681;00042
0104;18:05:13;2023-11-22;23.590;41.687;1008.000;00681;00042
0104;18:14:41;2023-11-22;23.200;41.858;1008.000;00681;00042
0104;18:24:04;2023-11-22;22.930;42.147;1008.000;00681;00042
0104;18:33:02;2023-11-22;22.930;42.258;1008.000;00669;00040
0104;18:42:17;2023-11-22;22.979;42.520;1008.000;00681;00042
0104;18:51:58;2023-11-22;22.879;42.167;1008.000;00681;00042
0104;19:01:14;2023-11-22;22.989;42.290;1008.000;00669;00040
0104;19:10:51;2023-11-22;22.860;42.439;1008.000;00669;00040
0104;19:20:08;2023-11-22;22.959;42.262;1008.000;00669;00040
0104;19:29:15;2023-11-22;23.000;42.252;1008.000;00669;00040
0104;19:38:32;2023-11-22;23.000;42.290;1008.000;00669;00040
0104;19:47:27;2023-11-22;22.959;42.336;1009.000;00669;00040
0104;19:56:45;2023-11-22;22.879;42.664;1009.000;00669;00040
0104;20:06:37;2023-11-22;22.829;42.646;1009.000;00655;00038
0104;20:16:07;2023-11-22;22.809;42.819;1009.000;00655;00038
0104;20:25:39;2023-11-22;22.799;42.694;1009.000;00655;00038
0104;20:35:03;2023-11-22;22.809;42.745;1009.000;00655;00038
0104;20:44:16;2023-11-22;22.809;42.757;1008.000;00669;00040
0104;20:53:28;2023-11-22;22.979;42.362;1009.000;00669;00040
0104;21:03:10;2023-11-22;22.850;42.574;1009.000;00681;00040
0104;21:12:46;2023-11-22;22.829;42.794;1009.000;00681;00042
0104;21:21:57;2023-11-22;22.909;42.531;1009.000;00669;00040
0104;21:31:19;2023-11-22;22.799;42.830;1009.000;00669;00040
0104;21:40:40;2023-11-22;22.850;42.635;1009.000;00669;00040
0104;21:50:12;2023-11-22;22.860;42.699;1008.000;00669;00040
0104;21:59:37;2023-11-22;22.729;42.798;1008.000;00669;00040
0104;22:09:10;2023-11-22;22.850;42.685;1008.000;00669;00040
0104;22:18:57;2023-11-22;22.879;42.688;1008.000;00681;00040
0104;22:29:04;2023-11-22;22.709;42.946;1008.000;00669;00040
0104;22:38:57;2023-11-22;22.709;42.883;1008.000;00669;00038
0104;22:48:56;2023-11-22;22.750;42.961;1008.000;00655;00038
0104;22:59:00;2023-11-22;22.639;43.000;1008.000;00655;00038
0104;23:08:47;2023-11-22;22.629;43.610;1008.000;00669;00040
0104;23:18:36;2023-11-22;22.569;43.820;1008.000;00669;00040
0104;23:28:29;2023-11-22;22.600;42.935;1008.000;00681;00042
0104;23:38:21;2023-11-22;22.610;42.923;1008.000;00681;00042
0104;23:48:10;2023-11-22;22.540;43.280;1008.000;00681;00042
0104;23:57:58;2023-11-22;22.600;42.861;1008.000;00681;00042
0104;00:07:33;2023-11-23;22.659;42.804;1008.000;00681;00042
0104;00:17:26;2023-11-23;22.620;42.825;1008.000;00681;00042
0104;00:27:20;2023-11-23;22.579;42.958;1008.000;00669;00040
0104;00:36:58;2023-11-23;22.639;42.814;1008.000;00681;00040
0104;00:46:40;2023-11-23;22.540;43.540;1008.000;00669;00040
0104;00:56:15;2023-11-23;22.600;42.910;1008.000;00669;00040
0104;01:05:50;2023-11-23;22.569;43.190;1008.000;00669;00040
0104;01:15:45;2023-11-23;22.590;43.220;1008.000;00564;00024
0104;01:25:36;2023-11-23;22.629;42.913;1008.000;00554;00023
0104;01:35:24;2023-11-23;22.559;43.930;1008.000;00542;00021
0104;01:45:00;2023-11-23;22.549;43.540;1009.000;00554;00023
0104;01:54:46;2023-11-23;22.520;43.150;1009.000;00554;00023
0104;02:04:43;2023-11-23;22.489;43.296;1008.000;00542;00021
0104;02:14:18;2023-11-23;22.549;43.190;1009.000;00534;00020
0104;02:24:11;2023-11-23;22.590;43.830;1009.000;00534;00020
0104;02:34:11;2023-11-23;22.450;43.491;1009.000;00534;00020
0104;02:44:03;2023-11-23;22.559;43.254;1008.000;00522;00018
0104;02:53:56;2023-11-23;22.520;43.298;1009.000;00522;00018
0104;03:03:53;2023-11-23;22.489;43.383;1009.000;00534;00020
0104;03:13:34;2023-11-23;22.510;43.448;1009.000;00534;00020
0104;03:23:47;2023-11-23;22.469;43.617;1009.000;00522;00018
0104;03:33:56;2023-11-23;22.459;43.665;1009.000;00522;00018
0104;03:44:01;2023-11-23;22.530;43.424;1009.000;00522;00018
0104;04:04:27;2023-11-23;22.500;43.595;1009.000;00507;00016
0104;04:14:42;2023-11-23;22.479;43.655;1009.000;00507;00016
0104;04:24:47;2023-11-23;22.399;43.783;1009.000;00507;00016
0104;04:34:46;2023-11-23;22.379;43.844;1009.000;00507;00016
0104;04:54:50;2023-11-23;22.440;43.799;1009.000;00507;00016
0104;05:05:00;2023-11-23;22.510;43.596;1009.000;00522;00016
0104;05:15:01;2023-11-23;22.399;43.920;1009.000;00507;00016
0104;05:24:59;2023-11-23;22.409;43.873;1009.000;00522;00018
0104;05:35:14;2023-11-23;22.459;43.752;1009.000;00522;00018
0104;05:45:09;2023-11-23;22.510;43.622;1009.000;00522;00018
0104;05:54:59;2023-11-23;22.510;43.659;1009.000;00522;00018
0104;06:05:00;2023-11-23;22.399;43.932;1009.000;00522;00018
0104;06:15:08;2023-11-23;22.389;43.969;1009.000;00522;00018
0104;06:25:23;2023-11-23;22.500;43.744;1009.000;00522;00018
0104;06:35:32;2023-11-23;22.389;43.957;1009.000;00522;00018
0104;06:45:34;2023-11-23;22.440;43.849;1009.000;00534;00020
0104;06:55:36;2023-11-23;22.389;44.680;1009.000;00522;00018
0104;07:05:34;2023-11-23;22.440;43.950;1009.000;00522;00018
0104;07:15:20;2023-11-23;22.479;43.816;1009.000;00522;00018
0104;07:25:14;2023-11-23;22.370;44.116;1009.000;00507;00016
0104;07:34:15;2023-11-23;22.389;44.190;1009.000;00507;00016
0104;07:43:56;2023-11-23;22.489;43.767;1009.000;00522;00016
0104;07:53:38;2023-11-23;22.389;44.142;1009.000;00507;00016
0104;08:02:52;2023-11-23;22.479;43.817;1009.000;00507;00016
0104;08:11:21;2023-11-23;22.479;43.940;1009.000;00498;00014
0104;08:20:55;2023-11-23;22.379;44.128;1009.000;00488;00013
0104;08:30:04;2023-11-23;22.370;44.140;1009.000;00488;00013
0104;08:39:55;2023-11-23;22.370;44.215;1009.000;00478;00011
0104;08:49:39;2023-11-23;22.399;44.255;1009.000;00470;00010
0104;08:59:32;2023-11-23;22.370;44.252;1009.000;00470;00010
0104;09:09:38;2023-11-23;22.370;44.301;1009.000;00460;00009
0104;09:19:39;2023-11-23;22.440;44.135;1009.000;00460;00009
0104;09:29:33;2023-11-23;22.420;44.208;1009.000;00452;00007
0104;09:39:33;2023-11-23;22.450;44.111;1009.000;00452;00007
0104;09:49:30;2023-11-23;22.409;44.232;1009.000;00452;00007
0104;09:58:58;2023-11-23;22.370;44.289;1009.000;00452;00007
0104;10:08:11;2023-11-23;22.360;44.300;1009.000;00452;00007
0104;10:18:01;2023-11-23;22.370;44.301;1009.000;00452;00007
0104;10:28:06;2023-11-23;22.420;44.132;1009.000;00460;00009
0104;10:37:49;2023-11-23;22.340;44.274;1009.000;00470;00010
0104;10:47:37;2023-11-23;22.430;44.960;1009.000;00470;00010
0104;10:57:18;2023-11-23;22.299;44.381;1009.000;00478;00011
0104;11:06:59;2023-11-23;22.459;43.962;1009.000;00488;00011
0104;11:16:52;2023-11-23;22.360;44.164;1009.000;00488;00013
0104;11:26:56;2023-11-23;22.360;44.213;1009.000;00488;00013
0104;11:37:01;2023-11-23;22.340;44.298;1009.000;00478;00011
0104;11:47:02;2023-11-23;22.299;44.369;1009.000;00478;00010
0104;11:56:29;2023-11-23;22.340;44.311;1010.000;00470;00010
0104;12:05:45;2023-11-23;22.360;44.300;1009.000;00470;00010
0104;12:15:52;2023-11-23;22.389;44.229;1009.000;00460;00009
0104;12:25:48;2023-11-23;22.319;44.409;1009.000;00452;00007
0104;12:36:01;2023-11-23;22.360;44.201;1009.000;00460;00009
0104;12:45:51;2023-11-23;22.340;44.250;1009.000;00470;00010
0104;12:55:53;2023-11-23;22.370;44.178;1009.000;00470;00010
0104;13:05:23;2023-11-23;22.409;44.830;1009.000;00478;00011
0104;13:15:28;2023-11-23;22.340;44.199;1009.000;00478;00011
0104;13:25:03;2023-11-23;22.329;44.174;1009.000;00488;00013
0104;13:35:09;2023-11-23;22.350;44.101;1009.000;00488;00013
0104;13:44:47;2023-11-23;22.389;43.982;1009.000;00488;00013
0104;13:54:40;2023-11-23;22.360;44.650;1009.000;00498;00014
0104;14:04:43;2023-11-23;22.350;44.640;1009.000;00498;00014
0104;14:14:38;2023-11-23;22.409;43.896;1009.000;00498;00014
0104;14:24:12;2023-11-23;22.409;43.884;1009.000;00498;00014
0104;14:34:18;2023-11-23;22.239;44.227;1009.000;00498;00014
0104;14:44:00;2023-11-23;22.290;44.950;1009.000;00463;00008
0104;14:53:18;2023-11-23;22.360;43.941;1009.000;00457;00008
0104;15:03:01;2023-11-23;22.329;44.130;1009.000;00457;00008
0104;15:12:56;2023-11-23;22.430;43.811;1009.000;00457;00008
0104;15:22:49;2023-11-23;22.280;44.120;1009.000;00448;00008
0104;15:32:25;2023-11-23;22.469;43.691;1009.000;00457;00008
0104;15:42:15;2023-11-23;22.370;43.880;1009.000;00457;00008
0104;15:52:00;2023-11-23;22.370;43.916;1009.000;00457;00008
0104;16:01:32;2023-11-23;22.319;43.987;1009.000;00457;00008
0104;16:10:26;2023-11-23;22.420;43.761;1009.000;00457;00008
0104;16:19:23;2023-11-23;22.399;43.833;1009.000;00457;00008
0104;16:28:32;2023-11-23;22.280;44.570;1009.000;00457;00008
0104;16:38:00;2023-11-23;22.420;43.798;1009.000;00466;00010
0104;16:47:48;2023-11-23;22.329;43.963;1009.000;00457;00008
0104;16:57:39;2023-11-23;22.340;43.926;1009.000;00466;00010
0104;17:07:57;2023-11-23;22.370;43.880;1009.000;00466;00010
0104;17:17:57;2023-11-23;22.389;43.845;1009.000;00466;00010
0104;17:27:57;2023-11-23;22.329;43.963;1009.000;00466;00010
0104;17:37:44;2023-11-23;22.309;44.100;1009.000;00466;00010
0104;17:47:39;2023-11-23;22.299;44.350;1009.000;00466;00010
0104;17:57:45;2023-11-23;22.379;43.857;1010.000;00466;00010
0104;18:07:41;2023-11-23;22.290;44.450;1010.000;00466;00010
0104;18:17:51;2023-11-23;22.360;43.891;1010.000;00466;00010
0104;18:27:14;2023-11-23;22.350;43.953;1010.000;00466;00010
0104;18:37:19;2023-11-23;22.360;43.891;1010.000;00480;00012
0104;18:46:27;2023-11-23;22.379;43.843;1010.000;00480;00010
0104;18:56:25;2023-11-23;22.340;43.938;1010.000;00480;00012
0104;19:06:36;2023-11-23;22.370;43.856;1010.000;00480;00012
0104;19:16:17;2023-11-23;22.270;44.690;1010.000;00480;00012
0104;19:26:30;2023-11-23;22.270;44.930;1010.000;00480;00012
0104;19:36:51;2023-11-23;22.379;43.819;1010.000;00480;00012
0104;19:47:03;2023-11-23;22.319;43.950;1010.000;00480;00012
0104;19:56:54;2023-11-23;22.370;43.831;1010.000;00488;00013
0104;20:06:51;2023-11-23;22.319;43.949;1010.000;00480;00012
0104;20:16:17;2023-11-23;22.420;43.723;1010.000;00488;00013
0104;20:25:38;2023-11-23;22.329;43.889;1010.000;00488;00013
0104;20:35:42;2023-11-23;22.340;43.877;1010.000;00488;00013
0104;20:45:48;2023-11-23;22.329;43.889;1010.000;00488;00013
0104;20:55:44;2023-11-23;22.280;44.190;1010.000;00488;00013
0104;21:05:49;2023-11-23;22.420;43.699;1010.000;00488;00013
0104;21:15:46;2023-11-23;22.309;43.911;1010.000;00488;00013
0104;21:25:54;2023-11-23;22.370;43.769;1011.000;00488;00013
0104;21:35:47;2023-11-23;22.350;43.829;1011.000;00488;00013
0104;21:45:39;2023-11-23;22.459;43.591;1011.000;00488;00013
0104;21:55:45;2023-11-23;22.420;43.649;1011.000;00500;00015
0104;22:05:54;2023-11-23;22.329;43.839;1011.000;00500;00015
0104;22:16:07;2023-11-23;22.389;43.697;1011.000;00500;00015
0104;22:25:40;2023-11-23;22.459;43.554;1011.000;00500;00015
0104;22:35:39;2023-11-23;22.469;43.541;1011.000;00508;00016
0104;22:45:54;2023-11-23;22.430;43.563;1011.000;00508;00016
0104;22:56:14;2023-11-23;22.379;43.719;1011.000;00508;00016
0104;23:06:07;2023-11-23;22.399;43.685;1011.000;00508;00016
0104;23:15:37;2023-11-23;22.420;43.575;1011.000;00527;00019
0104;23:25:10;2023-11-23;22.340;43.729;1011.000;00508;00016
0104;23:35:04;2023-11-23;22.420;43.575;1011.000;00527;00019
0104;23:44:53;2023-11-23;22.420;43.538;1012.000;00527;00019
0104;23:54:59;2023-11-23;22.389;43.647;1012.000;00527;00019
0104;00:05:08;2023-11-24;22.450;43.442;1011.000;00527;00019
0104;00:15:09;2023-11-24;22.500;43.322;1011.000;00539;00021
0104;00:24:43;2023-11-24;22.590;43.108;1011.000;00539;00021
0104;00:34:00;2023-11-24;22.530;43.239;1011.000;00539;00021
0104;00:43:36;2023-11-24;22.729;42.749;1011.000;00552;00023
0104;00:53:40;2023-11-24;22.709;42.697;1011.000;00552;00023
0104;01:03:42;2023-11-24;22.680;42.757;1011.000;00552;00023
0104;01:32:53;2023-11-24;22.770;42.542;1011.000;00564;00024
0104;01:42:17;2023-11-24;22.860;42.314;1011.000;00564;00023
0104;01:51:26;2023-11-24;22.920;42.158;1011.000;00564;00024
0104;01:59:32;2023-11-24;22.840;42.313;1011.000;00564;00024
0104;02:08:00;2023-11-24;22.969;42.640;1011.000;00564;00024
0104;02:15:20;2023-11-24;22.899;42.157;1011.000;00564;00024
0104;02:23:29;2023-11-24;22.989;41.904;1011.000;00564;00024
0104;02:32:24;2023-11-24;22.989;42.410;1011.000;00564;00024
0104;02:41:10;2023-11-24;22.950;42.740;1011.000;00564;00024
0104;02:51:26;2023-11-24;23.299;41.324;1010.000;00576;00026
0104;03:01:35;2023-11-24;23.440;40.989;1010.000;00576;00026
0104;03:11:35;2023-11-24;23.280;41.310;1011.000;00564;00024
0104;03:21:21;2023-11-24;23.280;41.310;1011.000;00576;00026
0104;03:30:58;2023-11-24;23.219;41.490;1011.000;00576;00026
0104;03:41:04;2023-11-24;23.510;40.933;1011.000;00576;00026
0104;03:50:18;2023-11-24;23.350;41.179;1011.000;00576;00026
0104;04:00:27;2023-11-24;23.129;41.669;1011.000;00523;00018
0104;04:10:43;2023-11-24;23.399;41.271;1011.000;00520;00018
0104;04:20:45;2023-11-24;23.409;41.296;1010.000;00520;00018
0104;04:30:49;2023-11-24;23.409;41.396;1010.000;00520;00018
0104;04:40:56;2023-11-24;23.149;41.932;1010.000;00520;00018
0104;04:49:51;2023-11-24;23.239;41.766;1010.000;00520;00018
0104;04:59:35;2023-11-24;23.350;41.602;1010.000;00530;00019
0104;05:09:29;2023-11-24;23.389;41.444;1010.000;00530;00019
0104;05:19:20;2023-11-24;23.260;41.781;1010.000;00530;00019
0104;05:29:15;2023-11-24;23.370;41.579;1010.000;00530;00019
0104;05:39:21;2023-11-24;23.350;41.615;1010.000;00530;00019
0104;05:47:50;2023-11-24;23.209;41.962;1010.000;00530;00019
0104;06:07:18;2023-11-24;23.370;41.628;1010.000;00530;00019
0104;06:17:23;2023-11-24;23.280;41.857;1010.000;00530;00019
0104;06:27:28;2023-11-24;23.270;42.170;1010.000;00530;00019
0104;06:37:36;2023-11-24;23.200;42.123;1010.000;00530;00019
0104;06:47:21;2023-11-24;23.290;42.600;1010.000;00530;00019
0104;06:56:51;2023-11-24;23.299;41.983;1010.000;00530;00019
0104;07:06:52;2023-11-24;23.319;42.220;1010.000;00530;00019
0104;07:16:51;2023-11-24;23.120;42.439;1010.000;00530;00019
0104;07:26:35;2023-11-24;23.590;42.755;1010.000;00530;00019
0104;07:36:06;2023-11-24;23.149;42.565;1010.000;00530;00019
0104;07:44:59;2023-11-24;23.590;42.867;1010.000;00530;00019
0104;07:54:40;2023-11-24;23.200;42.963;1010.000;00520;00018
0104;08:04:29;2023-11-24;23.100;42.908;1010.000;00520;00018
0104;08:13:59;2023-11-24;23.590;43.780;1010.000;00520;00018
0104;08:23:50;2023-11-24;22.860;43.717;1010.000;00520;00018
0104;08:33:42;2023-11-24;22.819;43.961;1010.000;00520;00018
0104;08:43:37;2023-11-24;22.850;43.914;1010.000;00520;00018
0104;08:53:25;2023-11-24;22.850;44.750;1010.000;00520;00018
0104;09:03:17;2023-11-24;22.889;43.843;1011.000;00503;00015
0104;09:12:47;2023-11-24;22.840;43.925;1011.000;00503;00015
0104;09:22:40;2023-11-24;22.790;44.292;1011.000;00503;00015
0104;09:32:11;2023-11-24;22.790;44.700;1011.000;00503;00015
0104;09:42:13;2023-11-24;22.770;44.167;1011.000;00503;00015
0104;09:52:14;2023-11-24;22.709;44.248;1011.000;00503;00015
0104;10:02:07;2023-11-24;22.840;44.750;1011.000;00503;00015
0104;10:11:55;2023-11-24;22.700;44.371;1011.000;00503;00015
0104;10:21:42;2023-11-24;22.739;44.275;1011.000;00503;00015
0104;10:31:36;2023-11-24;22.780;44.180;1011.000;00503;00015
0104;10:41:07;2023-11-24;22.680;44.431;1011.000;00503;00015
0104;10:50:44;2023-11-24;22.629;44.525;1011.000;00503;00015
0104;11:10:38;2023-11-24;22.639;44.464;1011.000;00503;00015
0104;11:20:15;2023-11-24;22.780;44.143;1011.000;00520;00018
0104;11:29:59;2023-11-24;22.649;44.341;1011.000;00520;00018
0104;11:39:49;2023-11-24;22.659;44.331;1011.000;00520;00015
0104;11:49:34;2023-11-24;22.629;44.327;1011.000;00520;00018
0104;11:59:18;2023-11-24;22.620;44.300;1011.000;00520;00018
0104;12:08:52;2023-11-24;22.579;44.458;1011.000;00520;00018
0104;12:18:36;2023-11-24;22.540;44.553;1011.000;00520;00018
0104;12:28:23;2023-11-24;22.649;44.229;1011.000;00520;00018
0104;12:38:09;2023-11-24;22.659;44.243;1011.000;00520;00018
0104;12:47:54;2023-11-24;22.559;44.419;1011.000;00520;00018
0104;12:57:39;2023-11-24;22.659;44.144;1011.000;00520;00018
0104;13:07:13;2023-11-24;22.590;44.323;1011.000;00520;00018
0104;13:16:22;2023-11-24;22.600;44.275;1011.000;00520;00018
0104;13:25:29;2023-11-24;22.549;44.455;1012.000;00520;00018
0104;13:35:09;2023-11-24;22.649;44.242;1012.000;00520;00018
0104;13:44:46;2023-11-24;22.600;44.274;1012.000;00520;00018
0104;13:54:25;2023-11-24;22.530;44.391;1012.000;00520;00018
0104;14:13:31;2023-11-24;22.600;44.262;1012.000;00520;00018
0104;14:22:02;2023-11-24;22.530;44.491;1012.000;00520;00018
0104;14:31:07;2023-11-24;22.610;44.363;1012.000;00520;00018
0104;14:40:39;2023-11-24;22.569;44.433;1012.000;00520;00018
0104;14:50:19;2023-11-24;22.590;44.250;1012.000;00520;00018
0104;14:59:14;2023-11-24;22.549;44.380;1012.000;00520;00018
0104;15:08:05;2023-11-24;22.559;44.468;1012.000;00520;00018
0104;15:17:32;2023-11-24;22.620;44.213;1012.000;00520;00018
0104;15:26:38;2023-11-24;22.469;44.632;1012.000;00503;00015
0104;15:36:15;2023-11-24;22.489;44.585;1012.000;00503;00015
0104;15:45:47;2023-11-24;22.520;44.501;1012.000;00503;00015
0104;15:55:11;2023-11-24;22.569;44.359;1012.000;00503;00015
0104;16:04:21;2023-11-24;22.450;44.656;1012.000;00503;00015
0104;16:14:03;2023-11-24;22.500;44.574;1012.000;00503;00015
0104;16:23:42;2023-11-24;22.420;44.678;1012.000;00503;00015
0104;16:33:36;2023-11-24;22.510;44.563;1012.000;00503;00015
0104;16:43:21;2023-11-24;22.549;44.455;1012.000;00503;00015
0104;16:52:33;2023-11-24;22.579;44.333;1012.000;00503;00015
0104;17:01:32;2023-11-24;22.510;44.477;1012.000;00493;00014
0104;17:11:16;2023-11-24;22.559;44.431;1012.000;00400;00000
0104;17:20:26;2023-11-24;22.489;44.487;1012.000;00400;00000
0104;17:29:21;2023-11-24;22.540;44.641;1012.000;00400;00000
0104;17:38:57;2023-11-24;22.489;44.585;1012.000;00411;00001
0104;17:48:27;2023-11-24;22.430;44.704;1012.000;00405;00000
0104;17:58:27;2023-11-24;22.479;44.547;1012.000;00411;00001
0104;18:08:34;2023-11-24;22.510;44.464;1012.000;00405;00000
0104;18:18:28;2023-11-24;22.489;44.536;1012.000;00411;00001
0104;18:28:34;2023-11-24;22.500;44.537;1012.000;00411;00001
0104;18:38:33;2023-11-24;22.459;44.558;1012.000;00400;00000
0104;18:48:39;2023-11-24;22.520;44.439;1012.000;00411;00001
0104;18:58:47;2023-11-24;22.549;44.380;1012.000;00411;00001
0104;19:08:55;2023-11-24;22.459;44.607;1012.000;00400;00000
0104;19:19:06;2023-11-24;22.469;44.608;1013.000;00400;00000
0104;19:29:15;2023-11-24;22.450;44.631;1012.000;00410;00001
0104;19:39:08;2023-11-24;22.579;44.322;1012.000;00410;00001
0104;19:49:04;2023-11-24;22.399;44.738;1012.000;00410;00001
0104;19:58:50;2023-11-24;22.420;44.703;1012.000;00408;00001
0104;20:17:28;2023-11-24;22.469;44.596;1012.000;00408;00001
0104;20:26:18;2023-11-24;22.420;44.653;1012.000;00408;00001
0104;20:35:46;2023-11-24;22.479;44.597;1012.000;00410;00000
0104;20:44:57;2023-11-24;22.370;44.723;1012.000;00400;00000
0104;20:53:46;2023-11-24;22.409;44.678;1012.000;00400;00000
0104;21:02:56;2023-11-24;22.510;44.464;1012.000;00410;00001
0104;21:12:19;2023-11-24;22.459;44.508;1012.000;00400;00000
0104;21:21:26;2023-11-24;22.399;44.615;1012.000;00410;00000
0104;21:29:58;2023-11-24;22.420;44.517;1012.000;00400;00000
0104;21:38:48;2023-11-24;22.450;44.519;1012.000;00400;00000
0104;21:47:47;2023-11-24;22.399;44.602;1012.000;00400;00000
0104;21:56:36;2023-11-24;22.420;44.541;1012.000;00400;00000
0104;22:05:44;2023-11-24;22.520;44.303;1012.000;00400;00000
0104;22:15:16;2023-11-24;22.459;44.434;1012.000;00400;00000
0104;22:24:22;2023-11-24;22.450;44.445;1012.000;00400;00000
0104;22:33:46;2023-11-24;22.489;44.387;1012.000;00400;00000
0104;22:42:42;2023-11-24;22.469;44.422;1012.000;00400;00000
0104;22:51:12;2023-11-24;22.440;44.444;1012.000;00410;00000
0104;23:00:11;2023-11-24;22.420;44.443;1012.000;00400;00000
0104;23:09:07;2023-11-24;22.440;44.420;1012.000;00400;00000
0104;23:28:01;2023-11-24;22.360;44.585;1012.000;00400;00000
0104;23:37:23;2023-11-24;22.489;44.250;1011.000;00410;00001
0104;23:46:33;2023-11-24;22.440;44.419;1011.000;00410;00001
0104;23:55:20;2023-11-24;22.440;44.370;1011.000;00410;00001
0104;00:04:08;2023-11-25;22.440;44.320;1011.000;00410;00001
0104;00:12:53;2023-11-25;22.459;44.236;1012.000;00408;00001
0104;00:21:51;2023-11-25;22.420;44.380;1012.000;00408;00001
0104;00:30:51;2023-11-25;22.489;44.202;1012.000;00408;00001
0104;00:40:03;2023-11-25;22.469;44.250;1012.000;00410;00001
0104;00:49:38;2023-11-25;22.350;44.622;1012.000;00411;00001
0104;00:58:57;2023-11-25;22.420;44.380;1012.000;00406;00000
0104;01:08:26;2023-11-25;22.389;44.490;1012.000;00411;00001
0104;01:17:51;2023-11-25;22.479;44.362;1012.000;00411;00001
0104;01:27:33;2023-11-25;22.450;44.383;1012.000;00400;00000
0104;01:36:52;2023-11-25;22.469;44.324;1012.000;00400;00000
0104;01:46:15;2023-11-25;22.389;44.464;1012.000;00411;00001
0104;01:55:15;2023-11-25;22.329;44.608;1012.000;00411;00001
0104;02:04:20;2023-11-25;22.409;44.430;1012.000;00411;00001
0104;02:14:03;2023-11-25;22.420;44.356;1012.000;00406;00000
0104;02:23:48;2023-11-25;22.399;44.378;1012.000;00417;00002
0104;02:33:41;2023-11-25;22.420;44.282;1012.000;00406;00000
0104;02:43:51;2023-11-25;22.420;44.256;1012.000;00406;00000
0104;02:53:30;2023-11-25;22.389;44.378;1012.000;00406;00000
0104;03:02:49;2023-11-25;22.389;44.329;1012.000;00417;00002
0104;03:12:20;2023-11-25;22.420;44.245;1012.000;00417;00002
0104;03:21:59;2023-11-25;22.389;44.291;1012.000;00417;00002
0104;03:30:55;2023-11-25;22.459;44.162;1012.000;00406;00000
0104;03:40:12;2023-11-25;22.469;44.112;1012.000;00417;00002
0104;03:50:05;2023-11-25;22.350;44.362;1012.000;00417;00002
0104;03:59:57;2023-11-25;22.399;44.230;1012.000;00417;00002
0104;04:09:19;2023-11-25;22.370;44.252;1012.000;00417;00002
0104;04:18:39;2023-11-25;22.370;44.252;1012.000;00417;00002
0104;04:28:08;2023-11-25;22.399;44.167;1012.000;00417;00002
0104;04:37:21;2023-11-25;22.329;44.273;1012.000;00417;00002
0104;04:46:50;2023-11-25;22.379;44.204;1012.000;00417;00002
0104;04:55:33;2023-11-25;22.420;44.580;1012.000;00427;00004
0104;05:04:01;2023-11-25;22.379;44.104;1012.000;00417;00002
0104;05:12:18;2023-11-25;22.399;44.155;1012.000;00417;00002
0104;05:20:58;2023-11-25;22.440;44.230;1012.000;00427;00004
0104;05:29:40;2023-11-25;22.399;44.930;1012.000;00427;00004
0104;05:38:50;2023-11-25;22.409;44.460;1012.000;00427;00004
0104;05:47:30;2023-11-25;22.370;44.116;1012.000;00427;00004
0104;05:56:09;2023-11-25;22.360;44.176;1012.000;00438;00005
0104;06:04:54;2023-11-25;22.420;43.997;1012.000;00432;00004
0104;06:13:18;2023-11-25;22.379;44.800;1012.000;00432;00004
0104;06:22:41;2023-11-25;22.440;43.949;1012.000;00432;00004
0104;06:32:13;2023-11-25;22.399;44.430;1012.000;00432;00004
0104;06:41:34;2023-11-25;22.340;44.174;1012.000;00417;00002
0104;06:50:38;2023-11-25;22.409;43.984;1012.000;00432;00004
0104;07:00:19;2023-11-25;22.389;44.310;1012.000;00432;00004
0104;07:09:56;2023-11-25;22.399;43.945;1012.000;00432;00004
0104;07:19:40;2023-11-25;22.459;43.863;1012.000;00432;00004
0104;07:29:44;2023-11-25;22.360;44.650;1012.000;00432;00004
0104;07:39:51;2023-11-25;22.370;44.410;1012.000;00432;00004
0104;07:49:42;2023-11-25;22.719;43.207;1012.000;00441;00006
